Activity,Id_Leg,Checkin,Start,Dep,Arr,End,Checkout,Repouso Extra,Tempo Repouso Extra Diurno,Tempo Repouso Extra Noturno,Tempo Repouso Extra Especial Diurno,Tempo Repouso Extra Especial Noturno
AD2852,-F,01/11/2017 18:55,02/11/2017 02:13,CGR,CGB,02/11/2017 03:31,02/11/2017 04:01,0 days 08:19:00,0 days 01:59:00,0 days 06:20:00,0 days 00:00:00,0 days 03:20:00
AD2898,-IF,03/11/2017 00:20,03/11/2017 00:55,CGB,SMT,03/11/2017 01:51,03/11/2017 02:21,0 days 19:49:00,0 days 07:49:00,0 days 12:00:00,0 days 04:10:00,0 days 09:00:00
AD4446,-F,04/11/2017 10:10,04/11/2017 15:25,GRU,BSB,04/11/2017 17:08,04/11/2017 17:38,0 days 01:42:00,0 days 01:20:00,0 days 00:22:00,0 days 00:00:00,0 days 00:00:00
AD4151,-F,05/11/2017 07:20,05/11/2017 13:49,MCZ,VCP,05/11/2017 16:46,05/11/2017 17:16,0 days 02:19:00,0 days 01:35:00,0 days 00:44:00,0 days 00:00:00,0 days 00:00:00
AD5093,-F,08/11/2017 07:35,08/11/2017 13:15,CWB,VCP,08/11/2017 14:26,08/11/2017 14:56,0 days 07:04:00,0 days 04:00:00,0 days 03:04:00,0 days 00:00:00,0 days 00:00:00
SNA,-IF,09/11/2017 10:00,09/11/2017 10:00,VCP,VCP,09/11/2017 19:00,09/11/2017 19:30,0 days 02:30:00,0 days 02:30:00,0 days 00:00:00,0 days 00:00:00,0 days 00:00:00
SNA,-IF,10/11/2017 10:00,10/11/2017 10:00,VCP,VCP,10/11/2017 19:00,10/11/2017 19:30,0 days 01:50:00,0 days 01:50:00,0 days 00:00:00,0 days 01:50:00,0 days 00:00:00
AD6903,-F,11/11/2017 09:20,11/11/2017 14:26,NAT,VCP,11/11/2017 17:55,11/11/2017 18:25,0 days 03:35:00,0 days 03:35:00,0 days 00:00:00,0 days 03:35:00,0 days 00:00:00
AD5353,-F,NaT,NaT,MCZ,VCP,NaT,NaT,0 days 13:56:00,0 days 00:00:00,0 days 00:00:00,0 days 00:00:00,0 days 00:00:00
AD4290,-F,07/01/2018 15:10,07/01/2018 22:06,VCP,POA,07/01/2018 23:45,08/01/2018 00:15,0 days 07:20:00,0 days 05:45:00,0 days 01:35:00,0 days 00:00:00,0 days 00:00:00
AD5127,-F,08/01/2018 19:35,09/01/2018 01:29,CNF,SSA,09/01/2018 03:07,09/01/2018 03:37,0 days 02:23:00,0 days 02:23:00,0 days 00:00:00,0 days 00:00:00,0 days 00:00:00
AD4942,-F,09/01/2018 18:00,10/01/2018 01:10,CNF,BPS,10/01/2018 02:27,10/01/2018 02:57,0 days 02:03:00,0 days 02:03:00,0 days 00:00:00,0 days 00:00:00,0 days 00:00:00
AD4137,-F,10/01/2018 17:00,10/01/2018 20:55,REC,SSA,10/01/2018 22:14,10/01/2018 22:44,0 days 04:11:00,0 days 04:11:00,0 days 00:00:00,0 days 00:00:00,0 days 00:00:00
AD5029,-F,11/01/2018 14:55,11/01/2018 22:00,IOS,VCP,12/01/2018 00:05,12/01/2018 00:35,0 days 01:15:00,0 days 01:15:00,0 days 00:00:00,0 days 00:00:00,0 days 00:00:00
AD2786,-F,NaT,NaT,VCP,FLN,NaT,NaT,0 days 01:13:00,0 days 00:00:00,0 days 00:00:00,0 days 00:00:00,0 days 00:00:00
AD2487,-IF,NaT,NaT,FLN,VCP,NaT,NaT,0 days 03:25:00,0 days 00:00:00,0 days 00:00:00,0 days 00:00:00,0 days 00:00:00
SNA,-IF,NaT,NaT,VCP,VCP,NaT,NaT,0 days 02:30:00,0 days 00:00:00,0 days 00:00:00,0 days 00:00:00,0 days 00:00:00
REU,-IF,NaT,NaT,VCP,VCP,NaT,NaT,0 days 04:30:00,0 days 00:00:00,0 days 00:00:00,0 days 00:00:00,0 days 00:00:00
AD4231,-F,NaT,NaT,NVT,VCP,NaT,NaT,0 days 07:40:00,0 days 00:00:00,0 days 00:00:00,0 days 00:00:00,0 days 00:00:00
AD9021,-F,NaT,NaT,VCP,CNF,NaT,NaT,0 days 01:45:00,0 days 00:00:00,0 days 00:00:00,0 days 00:00:00,0 days 00:00:00
AD5728,-F,NaT,NaT,GRU,FLN,NaT,NaT,0 days 01:55:00,0 days 00:00:00,0 days 00:00:00,0 days 00:00:00,0 days 00:00:00
AD4096,-F,NaT,NaT,SSA,VCP,NaT,NaT,0 days 01:00:00,0 days 00:00:00,0 days 00:00:00,0 days 00:00:00,0 days 00:00:00
AD2841,-F,01/02/2018 09:35,01/02/2018 16:47,BVB,MAO,01/02/2018 18:04,01/02/2018 18:34,0 days 07:46:00,0 days 07:46:00,0 days 00:00:00,0 days 00:00:00,0 days 00:00:00
AD2801,-F,02/02/2018 14:20,02/02/2018 21:52,TBT,MAO,02/02/2018 23:38,03/02/2018 00:08,0 days 18:22:00,0 days 06:22:00,0 days 12:00:00,0 days 00:00:00,0 days 00:00:00
AD5245,-F,04/02/2018 06:30,04/02/2018 13:25,TFF,MAO,04/02/2018 14:31,04/02/2018 15:01,0 days 04:04:00,0 days 01:05:00,0 days 02:59:00,0 days 00:00:00,0 days 00:00:00
AD4487,-F,05/02/2018 07:05,05/02/2018 12:45,CGB,VCP,05/02/2018 15:01,05/02/2018 15:31,0 days 06:54:00,0 days 04:25:00,0 days 02:29:00,0 days 00:00:00,0 days 00:00:00
SNA,-IF,08/02/2018 12:00,08/02/2018 12:00,VCP,VCP,08/02/2018 17:00,08/02/2018 17:30,0 days 03:45:00,0 days 03:15:00,0 days 00:30:00,0 days 00:00:00,0 days 00:00:00
AD4021,-F,NaT,NaT,SDU,VCP,NaT,NaT,0 days 01:00:00,0 days 00:00:00,0 days 00:00:00,0 days 00:00:00,0 days 00:00:00
SNA,-IF,NaT,NaT,VCP,VCP,NaT,NaT,0 days 00:15:00,0 days 00:00:00,0 days 00:00:00,0 days 00:00:00,0 days 00:00:00
AD4474,-F,NaT,NaT,VCP,PFB,NaT,NaT,0 days 19:46:00,0 days 00:00:00,0 days 00:00:00,0 days 00:00:00,0 days 00:00:00
AD4252,-IF,NaT,NaT,PFB,VCP,NaT,NaT,0 days 22:07:00,0 days 00:00:00,0 days 00:00:00,0 days 00:00:00,0 days 00:00:00
AD4288,-IF,NaT,NaT,VCP,GYN,NaT,NaT,0 days 01:29:00,0 days 00:00:00,0 days 00:00:00,0 days 00:00:00,0 days 00:00:00
SE,-IF,01/03/2018 07:00,01/03/2018 07:00,VCP,VCP,01/03/2018 19:00,01/03/2018 19:30,0 days 04:30:00,0 days 04:30:00,0 days 00:00:00,0 days 00:00:00,0 days 00:00:00
SNA,-IF,02/03/2018 12:00,02/03/2018 12:00,VCP,VCP,02/03/2018 19:00,02/03/2018 19:30,0 days 13:10:00,0 days 10:30:00,0 days 02:40:00,0 days 10:30:00,0 days 02:40:00
AD2499,-F,05/03/2018 00:50,05/03/2018 05:30,JDO,VCP,05/03/2018 08:25,05/03/2018 08:55,0 days 01:10:00,0 days 00:00:00,0 days 01:10:00,0 days 00:00:00,0 days 00:00:00
R21,-IF,07/03/2018 23:50,07/03/2018 23:50,VCP,VCP,08/03/2018 02:50,08/03/2018 03:20,0 days 20:40:00,0 days 08:40:00,0 days 12:00:00,0 days 00:00:00,0 days 00:00:00
SNA,-IF,NaT,NaT,VCP,VCP,NaT,NaT,0 days 11:20:00,0 days 00:00:00,0 days 00:00:00,0 days 00:00:00,0 days 00:00:00
AD4496,-F,NaT,NaT,VCP,POA,NaT,NaT,0 days 02:14:00,0 days 00:00:00,0 days 00:00:00,0 days 00:00:00,0 days 00:00:00
AD2741,-IF,NaT,NaT,POA,VCP,NaT,NaT,0 days 04:32:00,0 days 00:00:00,0 days 00:00:00,0 days 00:00:00,0 days 00:00:00
SNA,-IF,NaT,NaT,VCP,VCP,NaT,NaT,0 days 04:30:00,0 days 00:00:00,0 days 00:00:00,0 days 00:00:00,0 days 00:00:00
SNA,-IF,NaT,NaT,VCP,VCP,NaT,NaT,1 days 18:20:00,0 days 00:00:00,0 days 00:00:00,0 days 00:00:00,0 days 00:00:00
AD4289,-F,NaT,NaT,GYN,VCP,NaT,NaT,0 days 01:07:00,0 days 00:00:00,0 days 00:00:00,0 days 00:00:00,0 days 00:00:00
AD2468,-F,04/04/2018 09:00,04/04/2018 16:44,CNF,VCP,04/04/2018 18:02,04/04/2018 18:32,0 days 01:58:00,0 days 01:58:00,0 days 00:00:00,0 days 00:00:00,0 days 00:00:00
AD2891,-F,12/04/2018 01:00,12/04/2018 05:33,REC,VCP,12/04/2018 08:33,12/04/2018 09:03,0 days 05:58:00,0 days 00:00:00,0 days 05:58:00,0 days 00:00:00,0 days 00:00:00
S10,-IF,NaT,NaT,VCP,VCP,NaT,NaT,0 days 06:00:00,0 days 00:00:00,0 days 00:00:00,0 days 00:00:00,0 days 00:00:00
S10,-IF,NaT,NaT,VCP,VCP,NaT,NaT,0 days 06:00:00,0 days 00:00:00,0 days 00:00:00,0 days 00:00:00,0 days 00:00:00
AD4233,-F,NaT,NaT,VCP,SDU,NaT,NaT,0 days 00:15:00,0 days 00:00:00,0 days 00:00:00,0 days 00:00:00,0 days 00:00:00
AD6962,-IF,NaT,NaT,GIG,VCP,NaT,NaT,0 days 02:19:00,0 days 00:00:00,0 days 00:00:00,0 days 00:00:00,0 days 00:00:00
AD4092,-F,NaT,NaT,VCP,FLN,NaT,NaT,0 days 00:09:00,0 days 00:00:00,0 days 00:00:00,0 days 00:00:00,0 days 00:00:00
AD4408,-IF,NaT,NaT,VCP,JOI,NaT,NaT,0 days 18:30:00,0 days 00:00:00,0 days 00:00:00,0 days 00:00:00,0 days 00:00:00
AD4055,-F,NaT,NaT,CGR,VCP,NaT,NaT,0 days 06:53:00,0 days 00:00:00,0 days 00:00:00,0 days 00:00:00,0 days 00:00:00
AD4059,-F,NaT,NaT,POA,VCP,NaT,NaT,0 days 00:23:00,0 days 00:00:00,0 days 00:00:00,0 days 00:00:00,0 days 00:00:00
AD2934,-F,01/05/2018 23:55,02/05/2018 07:21,CGB,CGR,02/05/2018 08:29,02/05/2018 08:59,0 days 09:21:00,0 days 00:20:00,0 days 09:01:00,0 days 00:00:00,0 days 00:00:00
AD4403,-F,03/05/2018 06:20,03/05/2018 11:43,POA,VCP,03/05/2018 13:26,03/05/2018 13:56,0 days 01:04:00,0 days 00:00:00,0 days 01:04:00,0 days 00:00:00,0 days 00:00:00
SNA,-IF,08/05/2018 03:00,08/05/2018 03:00,VCP,VCP,09/05/2018 02:59,09/05/2018 03:29,0 days 09:36:00,0 days 02:31:00,0 days 07:05:00,0 days 00:00:00,0 days 00:00:00
AD2499,-F,10/05/2018 01:05,10/05/2018 05:35,JDO,VCP,10/05/2018 08:53,10/05/2018 09:23,0 days 04:27:00,0 days 00:00:00,0 days 04:27:00,0 days 00:00:00,0 days 00:00:00
AD2503,-F,11/05/2018 01:50,11/05/2018 05:47,PNZ,VCP,11/05/2018 08:33,11/05/2018 09:03,0 days 05:57:00,0 days 00:00:00,0 days 05:57:00,0 days 00:00:00,0 days 00:00:00
SNA,-IF,NaT,NaT,VCP,VCP,NaT,NaT,0 days 11:31:00,0 days 00:00:00,0 days 00:00:00,0 days 00:00:00,0 days 00:00:00
SNA,-IF,NaT,NaT,VCP,VCP,NaT,NaT,0 days 01:26:00,0 days 00:00:00,0 days 00:00:00,0 days 00:00:00,0 days 00:00:00
AD4092,-F,NaT,NaT,VCP,CWB,NaT,NaT,0 days 04:53:00,0 days 00:00:00,0 days 00:00:00,0 days 00:00:00,0 days 00:00:00
AD2709,-F,NaT,NaT,VCP,FLN,NaT,NaT,0 days 03:28:00,0 days 00:00:00,0 days 00:00:00,0 days 00:00:00,0 days 00:00:00
AD5364,-F,NaT,NaT,GRU,FLN,NaT,NaT,0 days 04:01:00,0 days 00:00:00,0 days 00:00:00,0 days 00:00:00,0 days 00:00:00
AD4964,-F,NaT,NaT,GRU,GYN,NaT,NaT,0 days 04:41:00,0 days 00:00:00,0 days 00:00:00,0 days 00:00:00,0 days 00:00:00
AD4149,-F,NaT,NaT,GYN,VCP,NaT,NaT,0 days 04:02:00,0 days 00:00:00,0 days 00:00:00,0 days 00:00:00,0 days 00:00:00
AD4195,-F,01/06/2018 01:25,01/06/2018 09:25,VCP,GIG,01/06/2018 10:21,01/06/2018 10:51,0 days 09:29:00,0 days 02:20:00,0 days 07:09:00,0 days 02:20:00,0 days 07:09:00
AD5136,-IF,02/06/2018 08:20,02/06/2018 09:01,GIG,VCP,02/06/2018 10:24,02/06/2018 10:54,0 days 04:06:00,0 days 00:00:00,0 days 04:06:00,0 days 00:00:00,0 days 00:00:00
SNA,-IF,06/06/2018 03:00,06/06/2018 03:00,VCP,VCP,07/06/2018 02:59,07/06/2018 03:29,0 days 09:46:00,0 days 02:31:00,0 days 07:15:00,0 days 00:00:00,0 days 00:00:00
AD5283,-F,08/06/2018 01:15,08/06/2018 05:50,MCZ,VCP,08/06/2018 08:46,08/06/2018 09:16,0 days 13:04:00,0 days 04:20:00,0 days 08:44:00,0 days 00:00:00,0 days 00:00:00
AD4107,-F,09/06/2018 10:20,09/06/2018 14:25,SSA,VCP,09/06/2018 16:53,09/06/2018 17:23,0 days 21:37:00,0 days 12:00:00,0 days 09:37:00,0 days 12:00:00,0 days 03:37:00
AD4167,-F,NaT,NaT,CGB,VCP,NaT,NaT,0 days 04:49:00,0 days 00:00:00,0 days 00:00:00,0 days 00:00:00,0 days 00:00:00
SNA,-IF,04/07/2018 03:00,04/07/2018 03:00,VCP,VCP,05/07/2018 03:00,05/07/2018 03:30,0 days 01:40:00,0 days 01:40:00,0 days 00:00:00,0 days 00:00:00,0 days 00:00:00
AD4261,-F,05/07/2018 17:10,06/07/2018 00:10,GIG,VCP,06/07/2018 01:39,06/07/2018 02:09,0 days 00:51:00,0 days 00:51:00,0 days 00:00:00,0 days 00:00:00,0 days 00:00:00
AD9640,-F,06/07/2018 19:00,07/07/2018 00:48,SDU,VCP,07/07/2018 02:01,07/07/2018 02:31,0 days 00:29:00,0 days 00:29:00,0 days 00:00:00,0 days 00:00:00,0 days 00:00:00
AD4432,-F,NaT,NaT,GYN,VCP,NaT,NaT,0 days 12:51:00,0 days 00:00:00,0 days 00:00:00,0 days 00:00:00,0 days 00:00:00
AD4361,-F,NaT,NaT,VCP,CWB,NaT,NaT,0 days 00:33:00,0 days 00:00:00,0 days 00:00:00,0 days 00:00:00,0 days 00:00:00
AD4154,-F,NaT,NaT,CWB,VCP,NaT,NaT,0 days 01:37:00,0 days 00:00:00,0 days 00:00:00,0 days 00:00:00,0 days 00:00:00
REX,-IF,NaT,NaT,VCP,VCP,NaT,NaT,0 days 03:01:00,0 days 00:00:00,0 days 00:00:00,0 days 00:00:00,0 days 00:00:00
SNA,-IF,09/08/2018 03:01,09/08/2018 03:01,VCP,VCP,10/08/2018 02:59,10/08/2018 03:29,0 days 00:06:00,0 days 00:06:00,0 days 00:00:00,0 days 00:00:00,0 days 00:00:00
AD5024,-F,10/08/2018 15:35,10/08/2018 23:36,SDU,VCP,11/08/2018 00:58,11/08/2018 01:28,0 days 11:32:00,0 days 04:32:00,0 days 07:00:00,0 days 00:00:00,0 days 00:00:00
R22,-IF,12/08/2018 01:00,12/08/2018 01:00,VCP,VCP,12/08/2018 04:00,12/08/2018 04:30,0 days 10:31:00,0 days 01:30:00,0 days 09:01:00,0 days 00:00:00,0 days 06:01:00
REX,-IF,NaT,NaT,VCP,VCP,NaT,NaT,0 days 13:10:00,0 days 00:00:00,0 days 00:00:00,0 days 00:00:00,0 days 00:00:00
AD5052,-F,NaT,NaT,GYN,CGB,NaT,NaT,0 days 01:28:00,0 days 00:00:00,0 days 00:00:00,0 days 00:00:00,0 days 00:00:00
AD2610,-IF,NaT,NaT,CGB,AFL,NaT,NaT,0 days 11:29:00,0 days 00:00:00,0 days 00:00:00,0 days 00:00:00,0 days 00:00:00
AD4249,-F,NaT,NaT,BSB,VCP,NaT,NaT,0 days 13:17:00,0 days 00:00:00,0 days 00:00:00,0 days 00:00:00,0 days 00:00:00
AD5500,-F,01/09/2018 13:10,01/09/2018 19:48,THE,VCP,01/09/2018 22:42,01/09/2018 23:12,0 days 13:28:00,0 days 06:48:00,0 days 06:40:00,0 days 00:00:00,0 days 00:00:00
AD2688,-F,03/09/2018 00:40,03/09/2018 06:08,PNZ,VCP,03/09/2018 08:38,03/09/2018 09:08,0 days 05:52:00,0 days 00:00:00,0 days 05:52:00,0 days 00:00:00,0 days 00:00:00
S06,-IF,NaT,NaT,VCP,VCP,NaT,NaT,0 days 10:00:00,0 days 00:00:00,0 days 00:00:00,0 days 00:00:00,0 days 00:00:00
S10,-IF,NaT,NaT,VCP,VCP,NaT,NaT,0 days 03:30:00,0 days 00:00:00,0 days 00:00:00,0 days 00:00:00,0 days 00:00:00
AD4446,-F,NaT,NaT,GRU,BSB,NaT,NaT,0 days 01:16:00,0 days 00:00:00,0 days 00:00:00,0 days 00:00:00,0 days 00:00:00
AD4007,-F,NaT,NaT,SDU,VCP,NaT,NaT,0 days 01:58:00,0 days 00:00:00,0 days 00:00:00,0 days 00:00:00,0 days 00:00:00
PP1,-IF,01/10/2018 11:15,01/10/2018 11:15,VCP,VCP,01/10/2018 21:55,01/10/2018 22:25,0 days 00:50:00,0 days 00:50:00,0 days 00:00:00,0 days 00:00:00,0 days 00:00:00
PP1,-IF,02/10/2018 11:15,02/10/2018 11:15,VCP,VCP,02/10/2018 21:15,02/10/2018 21:45,0 days 01:30:00,0 days 01:30:00,0 days 00:00:00,0 days 01:30:00,0 days 00:00:00
PP1,-IF,03/10/2018 11:15,03/10/2018 11:15,VCP,VCP,03/10/2018 21:35,03/10/2018 22:05,0 days 00:55:00,0 days 00:55:00,0 days 00:00:00,0 days 00:55:00,0 days 00:00:00
BUS,-IF,04/10/2018 17:00,04/10/2018 17:00,GRU,VCP,04/10/2018 19:00,04/10/2018 19:30,0 days 00:45:00,0 days 00:45:00,0 days 00:00:00,0 days 00:00:00,0 days 00:00:00
R05,-IF,05/10/2018 08:15,05/10/2018 08:15,VCP,VCP,05/10/2018 11:15,05/10/2018 11:45,0 days 03:15:00,0 days 00:00:00,0 days 03:15:00,0 days 00:00:00,0 days 00:00:00
AD5189,-IF,NaT,NaT,JJG,VCP,NaT,NaT,0 days 07:01:00,0 days 00:00:00,0 days 00:00:00,0 days 00:00:00,0 days 00:00:00
AD2621,-F,NaT,NaT,VCP,XAP,NaT,NaT,0 days 17:37:00,0 days 00:00:00,0 days 00:00:00,0 days 00:00:00,0 days 00:00:00
AD4446,-F,NaT,NaT,GRU,BSB,NaT,NaT,0 days 01:32:00,0 days 00:00:00,0 days 00:00:00,0 days 00:00:00,0 days 00:00:00
AD4987,-F,NaT,NaT,CNF,VCP,NaT,NaT,0 days 09:04:00,0 days 00:00:00,0 days 00:00:00,0 days 00:00:00,0 days 00:00:00
AD4083,-F,NaT,NaT,CGB,VCP,NaT,NaT,0 days 01:03:00,0 days 00:00:00,0 days 00:00:00,0 days 00:00:00,0 days 00:00:00
SNA,-IF,06/12/2018 02:01,06/12/2018 02:01,VCP,VCP,07/12/2018 01:59,07/12/2018 02:29,0 days 00:11:00,0 days 00:11:00,0 days 00:00:00,0 days 00:00:00,0 days 00:00:00
AD4103,-F,07/12/2018 14:40,07/12/2018 19:27,CWB,VCP,07/12/2018 20:24,07/12/2018 20:54,0 days 17:06:00,0 days 09:06:00,0 days 08:00:00,0 days 00:00:00,0 days 00:00:00
CMA,-IF,NaT,NaT,VCP,VCP,NaT,NaT,0 days 09:25:00,0 days 00:00:00,0 days 00:00:00,0 days 00:00:00,0 days 00:00:00
AD2499,-F,NaT,NaT,JDO,VCP,NaT,NaT,0 days 06:12:00,0 days 00:00:00,0 days 00:00:00,0 days 00:00:00,0 days 00:00:00
AD9129,-F,NaT,NaT,IMP,VCP,NaT,NaT,0 days 01:20:00,0 days 00:00:00,0 days 00:00:00,0 days 00:00:00,0 days 00:00:00
AD4446,-F,NaT,NaT,GRU,BSB,NaT,NaT,0 days 05:23:00,0 days 00:00:00,0 days 00:00:00,0 days 00:00:00,0 days 00:00:00
AD9643,-IF,NaT,NaT,BSB,VCP,NaT,NaT,0 days 03:34:00,0 days 00:00:00,0 days 00:00:00,0 days 00:00:00,0 days 00:00:00
AD4044,-IF,02/01/2019 14:30,02/01/2019 15:23,VCP,CNF,02/01/2019 16:44,02/01/2019 17:14,0 days 13:01:00,0 days 12:00:00,0 days 01:01:00,0 days 00:00:00,0 days 00:00:00
AD2898,-F,03/01/2019 18:15,04/01/2019 01:23,CGB,SMT,04/01/2019 02:17,04/01/2019 02:47,0 days 11:38:00,0 days 03:13:00,0 days 08:25:00,0 days 00:00:00,0 days 00:00:00
LFA,-IF,05/01/2019 08:10,05/01/2019 08:10,VCP,VCP,05/01/2019 10:40,05/01/2019 11:10,0 days 01:45:00,0 days 00:00:00,0 days 01:45:00,0 days 00:00:00,0 days 00:00:00
AD6991,-F,09/01/2019 07:30,09/01/2019 15:06,SDU,CNF,09/01/2019 16:14,09/01/2019 16:44,0 days 04:56:00,0 days 03:40:00,0 days 01:16:00,0 days 00:00:00,0 days 00:00:00
AD4446,-F,10/01/2019 09:40,10/01/2019 15:33,GRU,BSB,10/01/2019 17:19,10/01/2019 17:49,0 days 01:31:00,0 days 01:20:00,0 days 00:11:00,0 days 00:00:00,0 days 00:00:00
AD9068,-F,11/01/2019 07:20,11/01/2019 14:34,GRU,BPS,11/01/2019 16:39,11/01/2019 17:09,0 days 00:51:00,0 days 00:00:00,0 days 00:51:00,0 days 00:00:00,0 days 00:51:00
AD4011,-F,12/01/2019 06:00,12/01/2019 08:59,SDU,VCP,12/01/2019 10:14,12/01/2019 10:44,0 days 01:31:00,0 days 00:00:00,0 days 01:31:00,0 days 00:00:00,0 days 00:00:00
SNA,-IF,NaT,NaT,VCP,VCP,NaT,NaT,0 days 03:11:00,0 days 00:00:00,0 days 00:00:00,0 days 00:00:00,0 days 00:00:00
AD2898,-F,NaT,NaT,CGB,SMT,NaT,NaT,0 days 11:39:00,0 days 00:00:00,0 days 00:00:00,0 days 00:00:00,0 days 00:00:00
LFA,-IF,NaT,NaT,VCP,VCP,NaT,NaT,0 days 01:25:00,0 days 00:00:00,0 days 00:00:00,0 days 00:00:00,0 days 00:00:00
AD9105,-F,02/02/2019 00:35,02/02/2019 05:59,SLZ,VCP,02/02/2019 09:15,02/02/2019 09:45,0 days 03:10:00,0 days 00:00:00,0 days 03:10:00,0 days 00:00:00,0 days 03:10:00
SNA,-IF,06/02/2019 02:00,06/02/2019 02:00,VCP,VCP,07/02/2019 02:00,07/02/2019 02:30,0 days 05:25:00,0 days 03:30:00,0 days 01:55:00,0 days 00:00:00,0 days 00:00:00
AD5188,-F,07/02/2019 19:55,08/02/2019 01:25,VCP,JJG,08/02/2019 02:50,08/02/2019 03:20,0 days 16:00:00,0 days 04:00:00,0 days 12:00:00,0 days 00:00:00,0 days 00:00:00
AD4295,-F,09/02/2019 07:20,09/02/2019 14:32,CNF,VCP,09/02/2019 15:39,09/02/2019 16:09,0 days 01:36:00,0 days 00:00:00,0 days 01:36:00,0 days 00:00:00,0 days 00:00:00
SNA,-IF,NaT,NaT,VCP,VCP,NaT,NaT,0 days 05:05:00,0 days 00:00:00,0 days 00:00:00,0 days 00:00:00,0 days 00:00:00
AD4090,-F,NaT,NaT,CWB,VCP,NaT,NaT,0 days 09:22:00,0 days 00:00:00,0 days 00:00:00,0 days 00:00:00,0 days 00:00:00
AD2632,-F,NaT,NaT,VCP,CNF,NaT,NaT,0 days 00:19:00,0 days 00:00:00,0 days 00:00:00,0 days 00:00:00,0 days 00:00:00
AD5450,-F,01/03/2019 12:05,01/03/2019 19:27,BYO,VCP,01/03/2019 21:08,01/03/2019 21:38,0 days 01:47:00,0 days 01:47:00,0 days 00:00:00,0 days 00:00:00,0 days 00:00:00
AD5801,-F,02/03/2019 11:25,02/03/2019 20:23,CFB,CNF,02/03/2019 21:26,02/03/2019 21:56,0 days 00:34:00,0 days 00:34:00,0 days 00:00:00,0 days 00:00:00,0 days 00:00:00
AD2487,-F,03/03/2019 10:30,03/03/2019 19:04,FLN,VCP,03/03/2019 20:22,03/03/2019 20:52,0 days 01:28:00,0 days 01:28:00,0 days 00:00:00,0 days 00:00:00,0 days 00:00:00
SNA,-IF,NaT,NaT,VCP,VCP,NaT,NaT,0 days 08:00:00,0 days 00:00:00,0 days 00:00:00,0 days 00:00:00,0 days 00:00:00
S22,-IF,NaT,NaT,VCP,VCP,NaT,NaT,0 days 02:00:00,0 days 00:00:00,0 days 00:00:00,0 days 00:00:00,0 days 00:00:00
S18,-IF,NaT,NaT,VCP,VCP,NaT,NaT,0 days 06:00:00,0 days 00:00:00,0 days 00:00:00,0 days 00:00:00,0 days 00:00:00
S18,-IF,NaT,NaT,VCP,VCP,NaT,NaT,0 days 12:00:00,0 days 00:00:00,0 days 00:00:00,0 days 00:00:00,0 days 00:00:00
AD2768,-F,NaT,NaT,CGH,POA,NaT,NaT,0 days 02:01:00,0 days 00:00:00,0 days 00:00:00,0 days 00:00:00,0 days 00:00:00
AD4477,-F,NaT,NaT,PFB,VCP,NaT,NaT,0 days 08:23:00,0 days 00:00:00,0 days 00:00:00,0 days 00:00:00,0 days 00:00:00
AD2409,-F,04/04/2019 09:40,04/04/2019 15:29,SDU,VIX,04/04/2019 16:30,04/04/2019 17:00,0 days 02:50:00,0 days 01:50:00,0 days 01:00:00,0 days 00:00:00,0 days 00:00:00
AD4011,-F,05/04/2019 07:50,05/04/2019 10:10,SDU,VCP,05/04/2019 11:18,05/04/2019 11:48,0 days 03:12:00,0 days 00:00:00,0 days 03:12:00,0 days 00:00:00,0 days 03:12:00
AD4148,-F,11/04/2019 09:14,11/04/2019 16:50,VCP,GYN,11/04/2019 18:23,11/04/2019 18:53,0 days 01:27:00,0 days 01:27:00,0 days 00:00:00,0 days 00:00:00,0 days 00:00:00
AD9646,-F,12/04/2019 08:20,12/04/2019 17:07,CNF,VCP,12/04/2019 18:30,12/04/2019 19:00,0 days 00:10:00,0 days 00:10:00,0 days 00:00:00,0 days 00:00:00,0 days 00:00:00
AD2690,-F,NaT,NaT,XAP,VCP,NaT,NaT,0 days 00:36:00,0 days 00:00:00,0 days 00:00:00,0 days 00:00:00,0 days 00:00:00
SNA,-IF,NaT,NaT,VCP,VCP,NaT,NaT,0 days 10:15:00,0 days 00:00:00,0 days 00:00:00,0 days 00:00:00,0 days 00:00:00
LFA,-IF,NaT,NaT,VCP,VCP,NaT,NaT,0 days 06:15:00,0 days 00:00:00,0 days 00:00:00,0 days 00:00:00,0 days 00:00:00
AD9641,-F,01/05/2019 07:40,01/05/2019 12:03,POA,VCP,01/05/2019 13:41,01/05/2019 14:11,0 days 05:29:00,0 days 01:40:00,0 days 03:49:00,0 days 01:40:00,0 days 03:49:00
AD5280,-IF,02/05/2019 07:40,02/05/2019 08:29,VCP,CNF,02/05/2019 09:46,02/05/2019 10:10,0 days 00:45:00,0 days 00:00:00,0 days 00:45:00,0 days 00:00:00,0 days 00:00:00
AD5703,-F,02/05/2019 22:55,03/05/2019 02:18,CGR,VCP,03/05/2019 04:41,03/05/2019 05:30,0 days 06:30:00,0 days 00:30:00,0 days 06:00:00,0 days 00:30:00,0 days 03:00:00
AD6422,-F,08/05/2019 07:40,08/05/2019 12:47,VCP,NVT,08/05/2019 13:54,08/05/2019 14:35,0 days 03:00:00,0 days 00:00:00,0 days 03:00:00,0 days 00:00:00,0 days 00:00:00
AD5280,-F,09/05/2019 05:35,09/05/2019 08:30,VCP,CNF,09/05/2019 09:34,09/05/2019 10:10,0 days 00:40:00,0 days 00:00:00,0 days 00:40:00,0 days 00:00:00,0 days 00:00:00
AD5703,-F,09/05/2019 22:50,10/05/2019 02:18,CGR,VCP,10/05/2019 04:49,10/05/2019 05:30,0 days 06:30:00,0 days 00:30:00,0 days 06:00:00,0 days 00:00:00,0 days 03:00:00
SNA,-IF,NaT,NaT,VCP,VCP,NaT,NaT,0 days 05:55:00,0 days 00:00:00,0 days 00:00:00,0 days 00:00:00,0 days 00:00:00
AD5137,-F,NaT,NaT,VCP,GIG,NaT,NaT,0 days 01:02:00,0 days 00:00:00,0 days 00:00:00,0 days 00:00:00,0 days 00:00:00
LFA,-IF,NaT,NaT,VCP,VCP,NaT,NaT,0 days 08:00:00,0 days 00:00:00,0 days 00:00:00,0 days 00:00:00,0 days 00:00:00
AD5137,-IF,NaT,NaT,VCP,GIG,NaT,NaT,0 days 07:49:00,0 days 00:00:00,0 days 00:00:00,0 days 00:00:00,0 days 00:00:00
LFA,-IF,NaT,NaT,VCP,VCP,NaT,NaT,0 days 12:01:00,0 days 00:00:00,0 days 00:00:00,0 days 00:00:00,0 days 00:00:00
RES,-IF,02/06/2019 03:01,02/06/2019 03:01,VCP,VCP,02/06/2019 06:01,02/06/2019 06:01,0 days 06:00:00,0 days 00:00:00,0 days 06:00:00,0 days 00:00:00,0 days 00:00:00
SFX,-IF,06/06/2019 06:00,06/06/2019 06:00,VCP,VCP,06/06/2019 10:00,06/06/2019 10:00,0 days 08:00:00,0 days 00:00:00,0 days 08:00:00,0 days 00:00:00,0 days 00:00:00
SNA,-IF,07/06/2019 06:00,07/06/2019 06:00,VCP,VCP,07/06/2019 23:59,07/06/2019 23:59,0 days 02:01:00,0 days 02:01:00,0 days 00:00:00,0 days 02:01:00,0 days 00:00:00
S14,-IF,08/06/2019 14:00,08/06/2019 14:00,VCP,VCP,08/06/2019 18:00,08/06/2019 18:00,0 days 00:30:00,0 days 00:30:00,0 days 00:00:00,0 days 00:00:00,0 days 00:00:00
AD9646,-F,NaT,NaT,MCZ,VCP,NaT,NaT,0 days 00:43:00,0 days 00:00:00,0 days 00:00:00,0 days 00:00:00,0 days 00:00:00
AD2553,-F,NaT,NaT,SDU,CNF,NaT,NaT,0 days 06:21:00,0 days 00:00:00,0 days 00:00:00,0 days 00:00:00,0 days 00:00:00
AD4019,-F,NaT,NaT,SDU,VCP,NaT,NaT,0 days 01:51:00,0 days 00:00:00,0 days 00:00:00,0 days 00:00:00,0 days 00:00:00
AD2852,-F,NaT,NaT,CGR,CGB,NaT,NaT,0 days 02:31:00,0 days 00:00:00,0 days 00:00:00,0 days 00:00:00,0 days 00:00:00
AD2445,-F,NaT,NaT,CWB,GRU,NaT,NaT,0 days 01:04:00,0 days 00:00:00,0 days 00:00:00,0 days 00:00:00,0 days 00:00:00
BUS,-IF,NaT,NaT,GRU,VCP,NaT,NaT,0 days 01:30:00,0 days 00:00:00,0 days 00:00:00,0 days 00:00:00,0 days 00:00:00
AD4028,-F,NaT,NaT,VCP,SDU,NaT,NaT,0 days 06:27:00,0 days 00:00:00,0 days 00:00:00,0 days 00:00:00,0 days 00:00:00
AD2580,-F,NaT,NaT,CNF,VIX,NaT,NaT,0 days 02:27:00,0 days 00:00:00,0 days 00:00:00,0 days 00:00:00,0 days 00:00:00
AD4007,-F,NaT,NaT,SDU,VCP,NaT,NaT,0 days 03:44:00,0 days 00:00:00,0 days 00:00:00,0 days 00:00:00,0 days 00:00:00
AD4474,-F,NaT,NaT,VCP,PFB,NaT,NaT,0 days 03:34:00,0 days 00:00:00,0 days 00:00:00,0 days 00:00:00,0 days 00:00:00
SNA,-IF,04/07/2019 00:00,04/07/2019 00:00,VCP,VCP,04/07/2019 23:59,04/07/2019 23:59,0 days 09:51:00,0 days 06:01:00,0 days 03:50:00,0 days 00:00:00,0 days 00:00:00
AD9095,-F,05/07/2019 21:50,06/07/2019 02:48,AJU,VCP,06/07/2019 06:01,06/07/2019 06:31,0 days 05:29:00,0 days 00:00:00,0 days 05:29:00,0 days 00:00:00,0 days 00:00:00
AD2933,-F,12/07/2019 10:50,12/07/2019 18:21,SDU,VCP,12/07/2019 19:30,12/07/2019 20:00,0 days 03:40:00,0 days 03:40:00,0 days 00:00:00,0 days 03:40:00,0 days 00:00:00
AD5403,-F,NaT,NaT,JJD,VCP,NaT,NaT,0 days 14:25:00,0 days 00:00:00,0 days 00:00:00,0 days 00:00:00,0 days 00:00:00
AD5158,-F,NaT,NaT,CGB,VCP,NaT,NaT,0 days 06:04:00,0 days 00:00:00,0 days 00:00:00,0 days 00:00:00,0 days 00:00:00
AD5709,-F,NaT,NaT,CAC,VCP,NaT,NaT,0 days 07:14:00,0 days 00:00:00,0 days 00:00:00,0 days 00:00:00,0 days 00:00:00
AD4412,-F,NaT,NaT,OPS,VCP,NaT,NaT,0 days 00:26:00,0 days 00:00:00,0 days 00:00:00,0 days 00:00:00,0 days 00:00:00
AD4064,-F,02/08/2019 07:40,02/08/2019 10:26,FLN,VCP,02/08/2019 11:40,02/08/2019 12:10,0 days 03:50:00,0 days 00:00:00,0 days 03:50:00,0 days 00:00:00,0 days 00:00:00
AD4403,-F,03/08/2019 05:20,03/08/2019 08:25,POA,VCP,03/08/2019 10:09,03/08/2019 10:39,0 days 01:21:00,0 days 00:00:00,0 days 01:21:00,0 days 00:00:00,0 days 00:00:00
SNA,-IF,08/08/2019 00:00,08/08/2019 00:00,VCP,VCP,09/08/2019 00:00,09/08/2019 00:00,0 days 10:00:00,0 days 06:00:00,0 days 04:00:00,0 days 06:00:00,0 days 03:00:00
AD2891,-F,09/08/2019 22:00,10/08/2019 02:31,REC,VCP,10/08/2019 05:35,10/08/2019 06:05,0 days 05:55:00,0 days 00:00:00,0 days 05:55:00,0 days 00:00:00,0 days 00:00:00
AD4989,-F,NaT,NaT,GIG,VCP,NaT,NaT,0 days 00:12:00,0 days 00:00:00,0 days 00:00:00,0 days 00:00:00,0 days 00:00:00
AD5439,-F,NaT,NaT,FOR,VCP,NaT,NaT,0 days 13:06:00,0 days 00:00:00,0 days 00:00:00,0 days 00:00:00,0 days 00:00:00
AD5283,-F,NaT,NaT,MCZ,VCP,NaT,NaT,0 days 06:09:00,0 days 00:00:00,0 days 00:00:00,0 days 00:00:00,0 days 00:00:00
AD5450,-F,NaT,NaT,BYO,VCP,NaT,NaT,0 days 02:15:00,0 days 00:00:00,0 days 00:00:00,0 days 00:00:00,0 days 00:00:00
AD4159,-F,NaT,NaT,CNF,VCP,NaT,NaT,0 days 00:42:00,0 days 00:00:00,0 days 00:00:00,0 days 00:00:00,0 days 00:00:00
DGR,-IF,NaT,NaT,VCP,VCP,NaT,NaT,0 days 01:20:00,0 days 00:00:00,0 days 00:00:00,0 days 00:00:00,0 days 00:00:00
PP2,-IF,NaT,NaT,VCP,VCP,NaT,NaT,0 days 17:45:00,0 days 00:00:00,0 days 00:00:00,0 days 00:00:00,0 days 00:00:00
GCI,-IF,NaT,NaT,VCP,VCP,NaT,NaT,0 days 00:45:00,0 days 00:00:00,0 days 00:00:00,0 days 00:00:00,0 days 00:00:00
DGR,-IF,02/10/2019 17:15,02/10/2019 17:15,VCP,VCP,02/10/2019 18:35,02/10/2019 18:35,0 days 01:40:00,0 days 01:40:00,0 days 00:00:00,0 days 00:00:00,0 days 00:00:00
AD2645,-F,05/10/2019 13:20,05/10/2019 20:55,CWB,GRU,05/10/2019 22:12,05/10/2019 22:42,0 days 00:43:00,0 days 00:43:00,0 days 00:00:00,0 days 00:00:00,0 days 00:00:00
AD4877,-F,06/10/2019 11:25,06/10/2019 19:33,SDU,CGH,06/10/2019 20:36,06/10/2019 21:06,0 days 04:39:00,0 days 04:39:00,0 days 00:00:00,0 days 00:00:00,0 days 00:00:00
AD5024,-F,07/10/2019 13:45,07/10/2019 20:35,SDU,VCP,07/10/2019 21:47,07/10/2019 22:17,0 days 02:58:00,0 days 02:58:00,0 days 00:00:00,0 days 00:00:00,0 days 00:00:00
AD2953,-F,08/10/2019 13:15,08/10/2019 20:38,CWB,SDU,08/10/2019 21:57,08/10/2019 22:27,0 days 00:58:00,0 days 00:58:00,0 days 00:00:00,0 days 00:58:00,0 days 00:00:00
REX,-IF,09/10/2019 11:25,09/10/2019 11:25,SDU,SDU,09/10/2019 14:25,09/10/2019 14:25,0 days 03:05:00,0 days 00:00:00,0 days 03:05:00,0 days 00:00:00,0 days 00:00:00
AD5798,-IF,10/10/2019 05:30,10/10/2019 06:19,SDU,VCP,10/10/2019 07:40,10/10/2019 08:10,0 days 14:20:00,0 days 04:30:00,0 days 09:50:00,0 days 00:00:00,0 days 00:00:00
BUS,-IF,NaT,NaT,CGH,VCP,NaT,NaT,0 days 00:10:00,0 days 00:00:00,0 days 00:00:00,0 days 00:00:00,0 days 00:00:00
AD5201,-F,NaT,NaT,CWB,VCP,NaT,NaT,0 days 00:11:00,0 days 00:00:00,0 days 00:00:00,0 days 00:00:00,0 days 00:00:00
AD4244,-F,NaT,NaT,SDU,NVT,NaT,NaT,0 days 04:16:00,0 days 00:00:00,0 days 00:00:00,0 days 00:00:00,0 days 00:00:00
AD4036,-F,NaT,NaT,CNF,GYN,NaT,NaT,0 days 03:15:00,0 days 00:00:00,0 days 00:00:00,0 days 00:00:00,0 days 00:00:00
AD4879,-F,NaT,NaT,SDU,CGH,NaT,NaT,0 days 03:39:00,0 days 00:00:00,0 days 00:00:00,0 days 00:00:00,0 days 00:00:00
AD4316,-F,NaT,NaT,SDU,VCP,NaT,NaT,0 days 01:25:00,0 days 00:00:00,0 days 00:00:00,0 days 00:00:00,0 days 00:00:00
AD4877,-F,01/11/2019 13:00,01/11/2019 20:16,SDU,CGH,01/11/2019 21:16,01/11/2019 21:46,0 days 03:34:00,0 days 03:34:00,0 days 00:00:00,0 days 00:00:00,0 days 00:00:00
AD4869,-F,02/11/2019 13:20,02/11/2019 19:19,SDU,CGH,02/11/2019 20:20,02/11/2019 20:50,0 days 02:40:00,0 days 02:40:00,0 days 00:00:00,0 days 00:00:00,0 days 00:00:00
AD4869,-F,03/11/2019 11:30,03/11/2019 19:18,SDU,CGH,03/11/2019 20:23,03/11/2019 20:53,0 days 05:27:00,0 days 05:27:00,0 days 00:00:00,0 days 00:00:00,0 days 00:00:00
AD4316,-F,04/11/2019 14:20,04/11/2019 21:29,SDU,VCP,04/11/2019 22:50,04/11/2019 23:20,0 days 12:40:00,0 days 06:40:00,0 days 06:00:00,0 days 00:00:00,0 days 00:00:00
AD4359,-F,08/11/2019 17:00,08/11/2019 22:53,CGB,SJP,09/11/2019 01:26,09/11/2019 01:56,0 days 06:59:00,0 days 04:04:00,0 days 02:55:00,0 days 00:00:00,0 days 00:00:00
AD5435,-F,09/11/2019 20:55,09/11/2019 23:54,BPS,GYN,10/11/2019 01:39,10/11/2019 02:09,0 days 00:51:00,0 days 00:51:00,0 days 00:00:00,0 days 00:00:00,0 days 00:00:00
AD2772,-F,10/11/2019 15:00,10/11/2019 19:48,CNF,SDU,10/11/2019 20:48,10/11/2019 23:05,0 days 12:55:00,0 days 06:55:00,0 days 06:00:00,0 days 06:55:00,0 days 06:00:00
GS,-IF,NaT,NaT,VCP,VCP,NaT,NaT,0 days 03:00:00,0 days 00:00:00,0 days 00:00:00,0 days 00:00:00,0 days 00:00:00
GS,-IF,NaT,NaT,VCP,VCP,NaT,NaT,0 days 03:00:00,0 days 00:00:00,0 days 00:00:00,0 days 00:00:00,0 days 00:00:00
GS,-IF,NaT,NaT,VCP,VCP,NaT,NaT,0 days 01:45:00,0 days 00:00:00,0 days 00:00:00,0 days 00:00:00,0 days 00:00:00
GS,-IF,03/12/2019 08:15,03/12/2019 08:15,VCP,VCP,03/12/2019 17:15,03/12/2019 17:15,0 days 01:45:00,0 days 01:00:00,0 days 00:45:00,0 days 00:00:00,0 days 00:00:00
APT,-IF,06/12/2019 11:15,06/12/2019 11:15,VCP,VCP,06/12/2019 15:15,06/12/2019 15:15,0 days 03:45:00,0 days 01:00:00,0 days 02:45:00,0 days 00:00:00,0 days 00:00:00
APT,-IF,07/12/2019 07:00,07/12/2019 07:00,VCP,VCP,07/12/2019 11:00,07/12/2019 11:00,0 days 08:00:00,0 days 01:00:00,0 days 07:00:00,0 days 00:00:00,0 days 00:00:00
APT,-IF,08/12/2019 07:00,08/12/2019 07:00,VCP,VCP,08/12/2019 11:00,08/12/2019 11:00,0 days 09:15:00,0 days 02:15:00,0 days 07:00:00,0 days 00:00:00,0 days 00:00:00
GS,-IF,09/12/2019 08:15,09/12/2019 08:15,VCP,VCP,09/12/2019 17:15,09/12/2019 17:15,0 days 01:15:00,0 days 00:30:00,0 days 00:45:00,0 days 00:00:00,0 days 00:00:00
SFX,-IF,12/12/2019 17:45,12/12/2019 17:45,VCP,VCP,12/12/2019 21:45,12/12/2019 21:45,0 days 10:00:00,0 days 08:15:00,0 days 01:45:00,0 days 00:00:00,0 days 00:00:00
APT,-IF,NaT,NaT,VCP,VCP,NaT,NaT,0 days 03:45:00,0 days 00:00:00,0 days 00:00:00,0 days 00:00:00,0 days 00:00:00
APT,-IF,NaT,NaT,VCP,VCP,NaT,NaT,0 days 21:00:00,0 days 00:00:00,0 days 00:00:00,0 days 00:00:00,0 days 00:00:00
SFX,-IF,NaT,NaT,VCP,VCP,NaT,NaT,2 days 18:30:00,0 days 00:00:00,0 days 00:00:00,0 days 00:00:00,0 days 00:00:00
APT,-IF,NaT,NaT,VCP,VCP,NaT,NaT,0 days 01:15:00,0 days 00:00:00,0 days 00:00:00,0 days 00:00:00,0 days 00:00:00
APT,-IF,NaT,NaT,VCP,VCP,NaT,NaT,0 days 12:15:00,0 days 00:00:00,0 days 00:00:00,0 days 00:00:00,0 days 00:00:00
APT,-IF,NaT,NaT,VCP,VCP,NaT,NaT,0 days 06:00:00,0 days 00:00:00,0 days 00:00:00,0 days 00:00:00,0 days 00:00:00
SFX,-IF,NaT,NaT,VCP,VCP,NaT,NaT,0 days 03:45:00,0 days 00:00:00,0 days 00:00:00,0 days 00:00:00,0 days 00:00:00
SFX,-IF,NaT,NaT,VCP,VCP,NaT,NaT,0 days 02:30:00,0 days 00:00:00,0 days 00:00:00,0 days 00:00:00,0 days 00:00:00
SFX,-IF,04/01/2020 13:30,04/01/2020 13:30,VCP,VCP,04/01/2020 17:30,04/01/2020 17:30,0 days 16:30:00,0 days 12:00:00,0 days 04:30:00,0 days 00:00:00,0 days 00:00:00
SFX,-IF,05/01/2020 22:00,05/01/2020 22:00,VCP,VCP,06/01/2020 02:00,06/01/2020 02:00,0 days 03:45:00,0 days 03:45:00,0 days 00:00:00,0 days 00:00:00,0 days 00:00:00
SFX,-IF,06/01/2020 17:45,06/01/2020 17:45,VCP,VCP,06/01/2020 21:45,06/01/2020 21:45,0 days 03:45:00,0 days 03:45:00,0 days 00:00:00,0 days 00:00:00,0 days 00:00:00
SFX,-IF,07/01/2020 13:30,07/01/2020 13:30,VCP,VCP,07/01/2020 17:30,07/01/2020 17:30,0 days 01:00:00,0 days 00:30:00,0 days 00:30:00,0 days 00:00:00,0 days 00:00:00
SFX,-IF,11/01/2020 15:10,11/01/2020 15:10,CGH,CGH,11/01/2020 19:10,11/01/2020 19:10,0 days 02:20:00,0 days 02:20:00,0 days 00:00:00,0 days 02:20:00,0 days 00:00:00
SFX,-IF,12/01/2020 13:30,12/01/2020 13:30,VCP,VCP,12/01/2020 17:30,12/01/2020 17:30,0 days 12:15:00,0 days 11:45:00,0 days 00:30:00,0 days 00:00:00,0 days 00:00:00
SFX,-IF,NaT,NaT,VCP,VCP,NaT,NaT,0 days 08:00:00,0 days 00:00:00,0 days 00:00:00,0 days 00:00:00,0 days 00:00:00
SFX,-IF,NaT,NaT,VCP,VCP,NaT,NaT,0 days 02:55:00,0 days 00:00:00,0 days 00:00:00,0 days 00:00:00,0 days 00:00:00
AD4286,-F,NaT,NaT,SSA,VCP,NaT,NaT,0 days 00:51:00,0 days 00:00:00,0 days 00:00:00,0 days 00:00:00,0 days 00:00:00
AD4471,-F,NaT,NaT,FOR,VCP,NaT,NaT,0 days 00:43:00,0 days 00:00:00,0 days 00:00:00,0 days 00:00:00,0 days 00:00:00
DGR,-IF,NaT,NaT,VCP,VCP,NaT,NaT,0 days 01:20:00,0 days 00:00:00,0 days 00:00:00,0 days 00:00:00,0 days 00:00:00
PC3,-IF,NaT,NaT,VCP,VCP,NaT,NaT,0 days 04:30:00,0 days 00:00:00,0 days 00:00:00,0 days 00:00:00,0 days 00:00:00
DGR,-IF,NaT,NaT,VCP,VCP,NaT,NaT,0 days 01:40:00,0 days 00:00:00,0 days 00:00:00,0 days 00:00:00,0 days 00:00:00
CRM,-IF,NaT,NaT,VCP,VCP,NaT,NaT,0 days 03:00:00,0 days 00:00:00,0 days 00:00:00,0 days 00:00:00,0 days 00:00:00
AD5373,-F,NaT,NaT,REC,FOR,NaT,NaT,0 days 01:37:00,0 days 00:00:00,0 days 00:00:00,0 days 00:00:00,0 days 00:00:00
AD5333,-F,NaT,NaT,REC,GRU,NaT,NaT,0 days 02:05:00,0 days 00:00:00,0 days 00:00:00,0 days 00:00:00,0 days 00:00:00
AD2565,-F,NaT,NaT,POA,CNF,NaT,NaT,0 days 07:30:00,0 days 00:00:00,0 days 00:00:00,0 days 00:00:00,0 days 00:00:00
AD2456,-F,NaT,NaT,VCP,CNF,NaT,NaT,0 days 11:30:00,0 days 00:00:00,0 days 00:00:00,0 days 00:00:00,0 days 00:00:00
AD4241,-F,NaT,NaT,CNF,VCP,NaT,NaT,0 days 03:49:00,0 days 00:00:00,0 days 00:00:00,0 days 00:00:00,0 days 00:00:00
AD2432,-F,02/02/2020 14:55,02/02/2020 19:53,CNF,REC,02/02/2020 22:23,02/02/2020 22:53,0 days 01:12:00,0 days 01:12:00,0 days 00:00:00,0 days 00:00:00,0 days 00:00:00
AD2883,-F,03/02/2020 12:05,03/02/2020 17:25,REC,CNF,03/02/2020 19:48,03/02/2020 20:35,0 days 10:15:00,0 days 09:25:00,0 days 00:50:00,0 days 00:00:00,0 days 00:00:00
AD2432,-IF,04/02/2020 18:50,04/02/2020 19:57,CNF,REC,04/02/2020 22:19,05/02/2020 02:40,0 days 11:20:00,0 days 03:20:00,0 days 08:00:00,0 days 00:00:00,0 days 05:00:00
AD5374,-F,06/02/2020 02:00,06/02/2020 09:38,REC,VCP,06/02/2020 12:47,06/02/2020 12:50,0 days 00:45:00,0 days 00:00:00,0 days 00:45:00,0 days 00:00:00,0 days 00:00:00
AD4139,-F,NaT,NaT,BSB,VCP,NaT,NaT,0 days 05:52:00,0 days 00:00:00,0 days 00:00:00,0 days 00:00:00,0 days 00:00:00
REX,-IF,NaT,NaT,VCP,VCP,NaT,NaT,0 days 06:00:00,0 days 00:00:00,0 days 00:00:00,0 days 00:00:00,0 days 00:00:00
REX,-IF,NaT,NaT,VCP,VCP,NaT,NaT,0 days 05:30:00,0 days 00:00:00,0 days 00:00:00,0 days 00:00:00,0 days 00:00:00
AD6970,-F,NaT,NaT,REC,VCP,NaT,NaT,0 days 04:43:00,0 days 00:00:00,0 days 00:00:00,0 days 00:00:00,0 days 00:00:00
AD5373,-F,NaT,NaT,REC,FOR,NaT,NaT,0 days 00:38:00,0 days 00:00:00,0 days 00:00:00,0 days 00:00:00,0 days 00:00:00
AD4191,-F,NaT,NaT,CNF,VCP,NaT,NaT,0 days 00:50:00,0 days 00:00:00,0 days 00:00:00,0 days 00:00:00,0 days 00:00:00
AD5329,-F,NaT,NaT,REC,GRU,NaT,NaT,0 days 02:48:00,0 days 00:00:00,0 days 00:00:00,0 days 00:00:00,0 days 00:00:00
AD5217,-F,NaT,NaT,SLZ,CNF,NaT,NaT,0 days 04:20:00,0 days 00:00:00,0 days 00:00:00,0 days 00:00:00,0 days 00:00:00
AD4427,-F,NaT,NaT,BSB,CNF,NaT,NaT,0 days 09:55:00,0 days 00:00:00,0 days 00:00:00,0 days 00:00:00,0 days 00:00:00
AD6943,-F,NaT,NaT,REC,MAO,01/03/2020 01:57,01/03/2020 02:40,0 days 10:40:00,0 days 03:20:00,0 days 07:20:00,0 days 00:00:00,0 days 00:00:00
AD6407,-IF,02/03/2020 01:20,02/03/2020 02:11,MAO,VCP,02/03/2020 06:53,02/03/2020 07:20,0 days 04:40:00,0 days 00:00:00,0 days 04:40:00,0 days 00:00:00,0 days 00:00:00
AD5066,-IF,05/03/2020 07:25,05/03/2020 08:38,VCP,MAO,05/03/2020 11:26,05/03/2020 11:56,0 days 01:24:00,0 days 00:00:00,0 days 01:24:00,0 days 00:00:00,0 days 00:00:00
AD5280,-F,06/03/2020 01:20,06/03/2020 08:27,VCP,CNF,06/03/2020 09:37,06/03/2020 09:50,0 days 00:30:00,0 days 00:00:00,0 days 00:30:00,0 days 00:00:00,0 days 00:00:00
AD2891,-F,06/03/2020 22:20,07/03/2020 03:14,REC,VCP,07/03/2020 06:23,07/03/2020 06:45,0 days 17:25:00,0 days 06:10:00,0 days 11:15:00,0 days 00:00:00,0 days 00:00:00
AD4227,-F,08/03/2020 12:10,08/03/2020 15:12,CNF,VCP,08/03/2020 16:29,08/03/2020 16:59,0 days 00:46:00,0 days 00:00:00,0 days 00:46:00,0 days 00:00:00,0 days 00:00:00
AD2444,-F,11/03/2020 07:10,11/03/2020 12:59,VCP,POA,11/03/2020 14:36,11/03/2020 15:06,0 days 02:09:00,0 days 00:00:00,0 days 02:09:00,0 days 00:00:00,0 days 00:00:00
AD2844,-IF,12/03/2020 05:15,12/03/2020 05:48,POA,GRU,12/03/2020 07:37,12/03/2020 08:07,0 days 01:58:00,0 days 00:00:00,0 days 01:58:00,0 days 00:00:00,0 days 00:00:00
AD5353,-F,12/03/2020 22:05,NaT,JDO,GRU,NaT,NaT,0 days 00:50:00,0 days 00:00:00,0 days 00:00:00,0 days 00:00:00,0 days 00:00:00
AD5005,-IF,NaT,NaT,GRU,POA,NaT,NaT,0 days 00:35:00,0 days 00:00:00,0 days 00:00:00,0 days 00:00:00,0 days 00:00:00
AD5782,-F,NaT,NaT,POA,VCP,NaT,NaT,0 days 00:45:00,0 days 00:00:00,0 days 00:00:00,0 days 00:00:00,0 days 00:00:00
REX,-IF,NaT,NaT,VCP,VCP,NaT,NaT,0 days 11:00:00,0 days 00:00:00,0 days 00:00:00,0 days 00:00:00,0 days 00:00:00
REX,-IF,NaT,NaT,VCP,VCP,NaT,NaT,0 days 01:46:00,0 days 00:00:00,0 days 00:00:00,0 days 00:00:00,0 days 00:00:00
CPT,-IF,NaT,NaT,VCP,VCP,NaT,NaT,0 days 03:00:00,0 days 00:00:00,0 days 00:00:00,0 days 00:00:00,0 days 00:00:00
SFX,-IF,NaT,NaT,VCP,VCP,NaT,NaT,0 days 09:45:00,0 days 00:00:00,0 days 00:00:00,0 days 00:00:00,0 days 00:00:00
AD4379,-F,NaT,NaT,THE,VCP,NaT,NaT,0 days 01:28:00,0 days 00:00:00,0 days 00:00:00,0 days 00:00:00,0 days 00:00:00
AD4408,-F,NaT,NaT,VCP,VIX,NaT,NaT,0 days 00:47:00,0 days 00:00:00,0 days 00:00:00,0 days 00:00:00,0 days 00:00:00
AD4698,-F,NaT,NaT,VCP,VIX,NaT,NaT,0 days 11:58:00,0 days 00:00:00,0 days 00:00:00,0 days 00:00:00,0 days 00:00:00
AD9251,-F,NaT,NaT,REC,VCP,NaT,NaT,0 days 02:15:00,0 days 00:00:00,0 days 00:00:00,0 days 00:00:00,0 days 00:00:00
R12,-IF,02/09/2020 12:15,02/09/2020 12:15,VCP,VCP,02/09/2020 15:15,02/09/2020 15:15,0 days 05:01:00,0 days 02:16:00,0 days 02:45:00,0 days 00:00:00,0 days 00:00:00
AD4573,-F,03/09/2020 08:16,03/09/2020 15:19,CNF,SSA,03/09/2020 16:58,03/09/2020 17:28,0 days 03:07:00,0 days 02:35:00,0 days 00:32:00,0 days 00:00:00,0 days 00:00:00
AD4330,-F,04/09/2020 08:35,04/09/2020 13:49,VCP,REC,04/09/2020 16:53,04/09/2020 17:23,0 days 06:52:00,0 days 06:15:00,0 days 00:37:00,0 days 06:15:00,0 days 00:37:00
AD4333,-F,05/09/2020 12:15,05/09/2020 17:28,REC,VCP,05/09/2020 20:28,05/09/2020 20:58,0 days 01:02:00,0 days 01:02:00,0 days 00:00:00,0 days 01:02:00,0 days 00:00:00
AD2006,-F,09/09/2020 07:40,09/09/2020 14:50,REC,VCP,09/09/2020 17:51,09/09/2020 18:21,0 days 17:39:00,0 days 11:39:00,0 days 06:00:00,0 days 00:00:00,0 days 00:00:00
AD4396,-IF,NaT,NaT,VCP,BSB,NaT,NaT,0 days 04:08:00,0 days 00:00:00,0 days 00:00:00,0 days 00:00:00,0 days 00:00:00
AD4379,-F,NaT,NaT,THE,VCP,NaT,NaT,0 days 15:18:00,0 days 00:00:00,0 days 00:00:00,0 days 00:00:00,0 days 00:00:00
AD4373,-F,NaT,NaT,SSA,VCP,NaT,NaT,0 days 00:10:00,0 days 00:00:00,0 days 00:00:00,0 days 00:00:00,0 days 00:00:00
AD4562,-F,03/11/2020 08:05,03/11/2020 13:01,REC,THE,03/11/2020 14:36,03/11/2020 15:06,0 days 02:14:00,0 days 00:00:00,0 days 02:14:00,0 days 00:00:00,0 days 00:00:00
AD4329,-F,04/11/2020 05:20,04/11/2020 08:58,REC,VCP,04/11/2020 12:17,04/11/2020 12:17,0 days 03:43:00,0 days 00:00:00,0 days 03:43:00,0 days 00:00:00,0 days 03:43:00
CMA,-IF,05/11/2020 04:00,05/11/2020 04:00,VCP,VCP,05/11/2020 13:00,05/11/2020 13:00,0 days 21:45:00,0 days 12:00:00,0 days 09:45:00,0 days 00:00:00,0 days 00:00:00
AD9243,-F,06/11/2020 22:45,07/11/2020 03:21,MCZ,VCP,07/11/2020 06:18,07/11/2020 06:48,0 days 00:42:00,0 days 00:00:00,0 days 00:42:00,0 days 00:00:00,0 days 00:00:00
AD4170,-F,09/11/2020 21:31,10/11/2020 02:06,MAO,PVH,10/11/2020 03:34,10/11/2020 04:04,0 days 13:57:00,0 days 01:57:00,0 days 12:00:00,0 days 01:57:00,0 days 12:00:00
AD4544,-IF,11/11/2020 06:01,11/11/2020 06:28,PVH,MAO,11/11/2020 08:05,11/11/2020 08:35,0 days 00:55:00,0 days 00:00:00,0 days 00:55:00,0 days 00:00:00,0 days 00:00:00
AD4383,-F,11/11/2020 21:30,12/11/2020 02:21,MAO,VCP,12/11/2020 06:57,12/11/2020 07:10,0 days 13:05:00,0 days 02:15:00,0 days 10:50:00,0 days 00:00:00,0 days 00:00:00
AD4319,-F,NaT,NaT,CNF,VCP,NaT,NaT,0 days 01:19:00,0 days 00:00:00,0 days 00:00:00,0 days 00:00:00,0 days 00:00:00
AD4246,-F,NaT,NaT,CNF,FOR,NaT,NaT,0 days 06:29:00,0 days 00:00:00,0 days 00:00:00,0 days 00:00:00,0 days 00:00:00
AD4817,-F,NaT,NaT,REC,GRU,NaT,NaT,0 days 03:04:00,0 days 00:00:00,0 days 00:00:00,0 days 00:00:00,0 days 00:00:00
AD4620,-IF,NaT,NaT,GRU,REC,NaT,NaT,0 days 07:37:00,0 days 00:00:00,0 days 00:00:00,0 days 00:00:00,0 days 00:00:00
AD9262,-F,NaT,NaT,CGH,REC,NaT,NaT,0 days 15:18:00,0 days 00:00:00,0 days 00:00:00,0 days 00:00:00,0 days 00:00:00
AD4317,-F,NaT,NaT,CNF,VCP,NaT,NaT,0 days 00:10:00,0 days 00:00:00,0 days 00:00:00,0 days 00:00:00,0 days 00:00:00
R16,-IF,06/12/2020 16:00,06/12/2020 16:00,VCP,VCP,06/12/2020 19:00,06/12/2020 19:00,0 days 05:00:00,0 days 05:00:00,0 days 00:00:00,0 days 00:00:00,0 days 00:00:00
DGR,-IF,NaT,NaT,VCP,VCP,NaT,NaT,0 days 01:50:00,0 days 00:00:00,0 days 00:00:00,0 days 00:00:00,0 days 00:00:00
PP1,-IF,NaT,NaT,VCP,VCP,NaT,NaT,0 days 01:30:00,0 days 00:00:00,0 days 00:00:00,0 days 00:00:00,0 days 00:00:00
AD4444,-F,NaT,NaT,BEL,STM,NaT,NaT,0 days 11:10:00,0 days 00:00:00,0 days 00:00:00,0 days 00:00:00,0 days 00:00:00
AD4651,-F,NaT,NaT,BEL,FOR,NaT,NaT,0 days 11:43:00,0 days 00:00:00,0 days 00:00:00,0 days 00:00:00,0 days 00:00:00
AD4101,-F,NaT,NaT,BEL,FOR,NaT,NaT,0 days 06:19:00,0 days 00:00:00,0 days 00:00:00,0 days 00:00:00,0 days 00:00:00
AD4348,-F,NaT,NaT,FOR,REC,NaT,NaT,0 days 05:00:00,0 days 00:00:00,0 days 00:00:00,0 days 00:00:00,0 days 00:00:00
AD4371,-IF,NaT,NaT,SSA,VCP,NaT,NaT,0 days 03:25:00,0 days 00:00:00,0 days 00:00:00,0 days 00:00:00,0 days 00:00:00
AD4725,-IF,NaT,NaT,VCP,POA,NaT,NaT,0 days 01:11:00,0 days 00:00:00,0 days 00:00:00,0 days 00:00:00,0 days 00:00:00
AD4927,-F,NaT,NaT,VCP,MAO,NaT,NaT,0 days 02:16:00,0 days 00:00:00,0 days 00:00:00,0 days 00:00:00,0 days 00:00:00
AD9752,-IF,NaT,NaT,MAO,VCP,NaT,NaT,0 days 14:30:00,0 days 00:00:00,0 days 00:00:00,0 days 00:00:00,0 days 00:00:00
AD9286,-IF,07/01/2021 08:05,07/01/2021 09:19,VCP,BPS,07/01/2021 11:15,07/01/2021 11:45,0 days 01:35:00,0 days 00:00:00,0 days 01:35:00,0 days 00:00:00,0 days 00:00:00
AD9067,-F,08/01/2021 01:20,08/01/2021 04:27,RAO,BPS,08/01/2021 06:08,08/01/2021 06:38,0 days 10:42:00,0 days 00:00:00,0 days 10:42:00,0 days 00:00:00,0 days 02:22:00
AD4568,-F,09/01/2021 05:20,09/01/2021 09:38,SSA,VCP,09/01/2021 11:56,09/01/2021 12:40,0 days 00:45:00,0 days 00:00:00,0 days 00:45:00,0 days 00:00:00,0 days 00:00:00
AD4853,-F,NaT,NaT,CNF,MCZ,NaT,NaT,0 days 12:04:00,0 days 00:00:00,0 days 00:00:00,0 days 00:00:00,0 days 00:00:00
AD4856,-F,NaT,NaT,AJU,CNF,NaT,NaT,0 days 00:55:00,0 days 00:00:00,0 days 00:00:00,0 days 00:00:00,0 days 00:00:00
AD4519,-F,NaT,NaT,REC,GRU,NaT,NaT,0 days 01:00:00,0 days 00:00:00,0 days 00:00:00,0 days 00:00:00,0 days 00:00:00
BUS,-IF,NaT,NaT,GRU,VCP,NaT,NaT,0 days 00:45:00,0 days 00:00:00,0 days 00:00:00,0 days 00:00:00,0 days 00:00:00
BUS,-IF,NaT,NaT,VCP,CGH,NaT,NaT,0 days 05:30:00,0 days 00:00:00,0 days 00:00:00,0 days 00:00:00,0 days 00:00:00
AD4828,-IF,NaT,NaT,CGH,IOS,NaT,NaT,0 days 11:41:00,0 days 00:00:00,0 days 00:00:00,0 days 00:00:00,0 days 00:00:00
BUS,-IF,NaT,NaT,CGH,VCP,NaT,NaT,0 days 07:26:00,0 days 00:00:00,0 days 00:00:00,0 days 00:00:00,0 days 00:00:00
P10,-IF,NaT,NaT,VCP,VCP,NaT,NaT,0 days 00:01:00,0 days 00:00:00,0 days 00:00:00,0 days 00:00:00,0 days 00:00:00
AD4341,-F,NaT,01/02/2021 01:54,CGB,VCP,01/02/2021 04:55,01/02/2021 05:25,0 days 06:35:00,0 days 00:35:00,0 days 06:00:00,0 days 00:00:00,0 days 03:00:00
SFX,-IF,03/02/2021 11:15,03/02/2021 11:15,VCP,VCP,03/02/2021 15:15,03/02/2021 15:15,0 days 08:00:00,0 days 05:15:00,0 days 02:45:00,0 days 00:00:00,0 days 00:00:00
SFX,-IF,04/02/2021 11:15,04/02/2021 11:15,VCP,VCP,04/02/2021 15:15,04/02/2021 15:15,0 days 08:00:00,0 days 05:15:00,0 days 02:45:00,0 days 00:00:00,0 days 00:00:00
SFX,-IF,05/02/2021 11:15,05/02/2021 11:15,VCP,VCP,05/02/2021 15:15,05/02/2021 15:15,0 days 00:30:00,0 days 00:00:00,0 days 00:30:00,0 days 00:00:00,0 days 00:00:00
AD4361,-F,08/02/2021 22:55,09/02/2021 02:26,CGR,VCP,09/02/2021 04:52,09/02/2021 05:22,0 days 06:38:00,0 days 00:38:00,0 days 06:00:00,0 days 00:00:00,0 days 00:00:00
AD2448,-F,NaT,NaT,REC,SJP,NaT,NaT,0 days 09:19:00,0 days 00:00:00,0 days 00:00:00,0 days 00:00:00,0 days 00:00:00
AD4794,-IF,NaT,NaT,SJP,VCP,NaT,NaT,0 days 14:50:00,0 days 00:00:00,0 days 00:00:00,0 days 00:00:00,0 days 00:00:00
SNA,-IF,NaT,NaT,VCP,VCP,NaT,NaT,0 days 01:35:00,0 days 00:00:00,0 days 00:00:00,0 days 00:00:00,0 days 00:00:00
AD4915,-F,NaT,NaT,CGH,SSA,NaT,NaT,0 days 05:05:00,0 days 00:00:00,0 days 00:00:00,0 days 00:00:00,0 days 00:00:00
AD4915,-F,NaT,NaT,CGH,SSA,NaT,NaT,0 days 04:00:00,0 days 00:00:00,0 days 00:00:00,0 days 00:00:00,0 days 00:00:00
AD2551,-IF,NaT,NaT,SSA,VCP,NaT,NaT,0 days 00:45:00,0 days 00:00:00,0 days 00:00:00,0 days 00:00:00,0 days 00:00:00
AD4332,-IF,01/03/2021 17:25,01/03/2021 18:01,VCP,REC,01/03/2021 21:08,01/03/2021 21:38,0 days 02:52:00,0 days 02:52:00,0 days 00:00:00,0 days 00:00:00,0 days 00:00:00
AD4519,-F,02/03/2021 12:30,02/03/2021 17:25,REC,GRU,02/03/2021 20:55,02/03/2021 21:25,0 days 07:35:00,0 days 07:35:00,0 days 00:00:00,0 days 00:00:00,0 days 00:00:00
AD4429,-F,03/03/2021 17:00,03/03/2021 22:00,REC,SSA,03/03/2021 23:20,03/03/2021 23:50,0 days 02:35:00,0 days 02:35:00,0 days 00:00:00,0 days 00:00:00,0 days 00:00:00
AD4565,-IF,04/03/2021 14:25,04/03/2021 14:58,SSA,REC,04/03/2021 16:20,04/03/2021 16:55,0 days 06:50:00,0 days 05:45:00,0 days 01:05:00,0 days 05:45:00,0 days 01:05:00
AD4333,-F,05/03/2021 11:45,05/03/2021 17:37,REC,VCP,05/03/2021 20:49,05/03/2021 21:15,0 days 03:00:00,0 days 03:00:00,0 days 00:00:00,0 days 00:00:00,0 days 00:00:00
SE,-IF,09/03/2021 08:30,09/03/2021 08:30,VCP,VCP,09/03/2021 16:30,09/03/2021 16:30,0 days 02:00:00,0 days 00:30:00,0 days 01:30:00,0 days 00:00:00,0 days 00:00:00
AD4483,-F,10/03/2021 06:30,10/03/2021 10:37,FLN,VCP,10/03/2021 11:48,10/03/2021 12:18,0 days 18:57:00,0 days 12:00:00,0 days 06:57:00,0 days 00:00:00,0 days 00:00:00
AD4915,-F,11/03/2021 19:15,11/03/2021 21:58,CGH,SSA,12/03/2021 00:10,12/03/2021 00:40,0 days 15:45:00,0 days 05:20:00,0 days 10:25:00,0 days 00:00:00,0 days 00:00:00
BUS,-IF,NaT,NaT,CGH,VCP,NaT,NaT,0 days 11:15:00,0 days 00:00:00,0 days 00:00:00,0 days 00:00:00,0 days 00:00:00
R16,-IF,NaT,NaT,VCP,VCP,NaT,NaT,0 days 04:45:00,0 days 00:00:00,0 days 00:00:00,0 days 00:00:00,0 days 00:00:00
AD4309,-F,NaT,NaT,CWB,VCP,NaT,NaT,0 days 05:40:00,0 days 00:00:00,0 days 00:00:00,0 days 00:00:00,0 days 00:00:00
AD4079,-IF,NaT,NaT,VCP,REC,NaT,NaT,0 days 01:50:00,0 days 00:00:00,0 days 00:00:00,0 days 00:00:00,0 days 00:00:00
AD4515,-F,NaT,NaT,GRU,POA,NaT,NaT,0 days 06:12:00,0 days 00:00:00,0 days 00:00:00,0 days 00:00:00,0 days 00:00:00
AD4447,-F,NaT,NaT,CNF,REC,NaT,NaT,0 days 08:10:00,0 days 00:00:00,0 days 00:00:00,0 days 00:00:00,0 days 00:00:00
AD4329,-IF,NaT,NaT,REC,VCP,NaT,NaT,0 days 08:50:00,0 days 00:00:00,0 days 00:00:00,0 days 00:00:00,0 days 00:00:00
R20,-IF,01/04/2021 20:00,01/04/2021 20:00,VCP,VCP,01/04/2021 23:30,01/04/2021 23:30,0 days 02:30:00,0 days 02:30:00,0 days 00:00:00,0 days 00:00:00,0 days 00:00:00
AD4537,-F,NaT,NaT,CGB,GRU,NaT,NaT,0 days 14:14:00,0 days 00:00:00,0 days 00:00:00,0 days 00:00:00,0 days 00:00:00
AD4529,-F,NaT,NaT,CGB,GRU,NaT,NaT,0 days 10:44:00,0 days 00:00:00,0 days 00:00:00,0 days 00:00:00,0 days 00:00:00
AD4619,-F,NaT,NaT,REC,GRU,NaT,NaT,0 days 07:34:00,0 days 00:00:00,0 days 00:00:00,0 days 00:00:00,0 days 00:00:00
AD4423,-F,NaT,NaT,OPS,CGB,NaT,NaT,0 days 07:01:00,0 days 00:00:00,0 days 00:00:00,0 days 00:00:00,0 days 00:00:00
AD4409,-F,NaT,NaT,VIX,VCP,NaT,NaT,0 days 01:45:00,0 days 00:00:00,0 days 00:00:00,0 days 00:00:00,0 days 00:00:00
AD4250,-F,NaT,NaT,CGH,REC,NaT,NaT,0 days 02:15:00,0 days 00:00:00,0 days 00:00:00,0 days 00:00:00,0 days 00:00:00
AD4250,-F,NaT,NaT,CGH,REC,NaT,NaT,0 days 07:15:00,0 days 00:00:00,0 days 00:00:00,0 days 00:00:00,0 days 00:00:00
BUS,-IF,NaT,NaT,CGH,VCP,NaT,NaT,0 days 11:25:00,0 days 00:00:00,0 days 00:00:00,0 days 00:00:00,0 days 00:00:00
AD4361,-F,NaT,NaT,CGR,VCP,NaT,NaT,0 days 14:31:00,0 days 00:00:00,0 days 00:00:00,0 days 00:00:00,0 days 00:00:00
AD4234,-F,NaT,NaT,BEL,MCP,NaT,NaT,0 days 03:51:00,0 days 00:00:00,0 days 00:00:00,0 days 00:00:00,0 days 00:00:00
AD4577,-F,NaT,NaT,BEL,CNF,NaT,NaT,0 days 08:08:00,0 days 00:00:00,0 days 00:00:00,0 days 00:00:00,0 days 00:00:00
AD4543,-IF,01/05/2021 19:00,01/05/2021 19:42,CNF,VCP,01/05/2021 20:50,01/05/2021 21:25,0 days 00:50:00,0 days 00:50:00,0 days 00:00:00,0 days 00:00:00,0 days 00:00:00
LNR24,-IF,02/06/2021 00:00,02/06/2021 00:00,VCP,VCP,03/06/2021 00:00,03/06/2021 00:00,35 days 12:00:00,17 days 18:00:00,17 days 18:00:00,3 days 00:00:00,3 days 03:00:00
LNR24,-IF,11/07/2021 00:00,11/07/2021 00:00,VCP,VCP,12/07/2021 00:00,12/07/2021 00:00,18 days 12:00:00,9 days 06:00:00,9 days 06:00:00,1 days 12:00:00,1 days 15:00:00
EAD,-IF,02/08/2021 16:10,02/08/2021 16:10,VCP,VCP,02/08/2021 18:10,02/08/2021 18:10,0 days 02:00:00,0 days 02:00:00,0 days 00:00:00,0 days 00:00:00,0 days 00:00:00
EAD,-IF,03/08/2021 17:10,03/08/2021 17:10,VCP,VCP,03/08/2021 18:10,03/08/2021 18:10,0 days 02:00:00,0 days 02:00:00,0 days 00:00:00,0 days 00:00:00,0 days 00:00:00
EAD,-IF,04/08/2021 17:10,04/08/2021 17:10,VCP,VCP,04/08/2021 18:10,04/08/2021 18:10,0 days 02:05:00,0 days 02:05:00,0 days 00:00:00,0 days 00:00:00,0 days 00:00:00
EAD,-IF,05/08/2021 18:00,05/08/2021 18:00,VCP,VCP,05/08/2021 18:15,05/08/2021 18:15,0 days 03:55:00,0 days 03:55:00,0 days 00:00:00,0 days 03:55:00,0 days 00:00:00
EAD,-IF,06/08/2021 16:55,06/08/2021 16:55,VCP,VCP,06/08/2021 17:10,06/08/2021 17:10,0 days 01:50:00,0 days 01:00:00,0 days 00:50:00,0 days 00:00:00,0 days 00:00:00
PC3,-IF,09/08/2021 10:00,09/08/2021 10:00,VCP,VCP,09/08/2021 11:00,09/08/2021 11:00,0 days 07:00:00,0 days 00:00:00,0 days 07:00:00,0 days 00:00:00,0 days 00:00:00
SFX,-IF,10/08/2021 06:00,10/08/2021 06:00,VCP,VCP,10/08/2021 10:00,10/08/2021 10:00,0 days 12:15:00,0 days 04:15:00,0 days 08:00:00,0 days 00:00:00,0 days 00:00:00
SFX,-IF,11/08/2021 10:15,11/08/2021 10:15,VCP,VCP,11/08/2021 14:15,11/08/2021 14:15,0 days 08:00:00,0 days 04:15:00,0 days 03:45:00,0 days 00:00:00,0 days 00:00:00
SFX,-IF,12/08/2021 10:15,12/08/2021 10:15,VCP,VCP,12/08/2021 14:15,12/08/2021 14:15,0 days 20:45:00,0 days 12:00:00,0 days 08:45:00,0 days 00:00:00,0 days 00:00:00
SFX,-IF,NaT,NaT,VCP,VCP,NaT,NaT,0 days 09:00:00,0 days 00:00:00,0 days 00:00:00,0 days 00:00:00,0 days 00:00:00
SFX,-IF,NaT,NaT,VCP,VCP,NaT,NaT,0 days 12:00:00,0 days 00:00:00,0 days 00:00:00,0 days 00:00:00,0 days 00:00:00
SFX,-IF,NaT,NaT,VCP,VCP,NaT,NaT,0 days 06:25:00,0 days 00:00:00,0 days 00:00:00,0 days 00:00:00,0 days 00:00:00
AD4219,-F,NaT,NaT,CNF,POA,NaT,NaT,0 days 05:51:00,0 days 00:00:00,0 days 00:00:00,0 days 00:00:00,0 days 00:00:00
AD4850,-IF,NaT,NaT,POA,VCP,NaT,NaT,0 days 02:55:00,0 days 00:00:00,0 days 00:00:00,0 days 00:00:00,0 days 00:00:00
AD2401,-F,NaT,NaT,NAT,VCP,NaT,NaT,0 days 00:33:00,0 days 00:00:00,0 days 00:00:00,0 days 00:00:00,0 days 00:00:00
AD4361,-F,NaT,NaT,CGR,VCP,NaT,NaT,0 days 19:17:00,0 days 00:00:00,0 days 00:00:00,0 days 00:00:00,0 days 00:00:00
AD4682,-F,NaT,NaT,REC,GYN,NaT,NaT,0 days 06:49:00,0 days 00:00:00,0 days 00:00:00,0 days 00:00:00,0 days 00:00:00
AD4567,-IF,NaT,NaT,GYN,VCP,NaT,NaT,0 days 11:44:00,0 days 00:00:00,0 days 00:00:00,0 days 00:00:00,0 days 00:00:00
AD4555,-F,NaT,NaT,OPS,VCP,NaT,NaT,0 days 01:07:00,0 days 00:00:00,0 days 00:00:00,0 days 00:00:00,0 days 00:00:00
AD4431,-F,02/09/2021 05:28,02/09/2021 08:44,BSB,REC,02/09/2021 11:06,02/09/2021 11:36,0 days 07:51:00,0 days 01:27:00,0 days 06:24:00,0 days 00:00:00,0 days 00:00:00
AD4761,-F,03/09/2021 07:27,03/09/2021 13:06,VCP,VIX,03/09/2021 14:42,03/09/2021 15:12,0 days 01:18:00,0 days 00:00:00,0 days 01:18:00,0 days 00:00:00,0 days 00:00:00
AD4590,-F,04/09/2021 04:30,04/09/2021 09:09,VCP,RAO,04/09/2021 10:01,04/09/2021 10:31,0 days 05:49:00,0 days 00:00:00,0 days 05:49:00,0 days 00:00:00,0 days 00:00:00
AD2491,-F,05/09/2021 04:20,05/09/2021 08:51,MCZ,CGB,05/09/2021 11:12,05/09/2021 11:42,0 days 11:53:00,0 days 05:35:00,0 days 06:18:00,0 days 00:00:00,0 days 00:00:00
AD5041,-IF,06/09/2021 11:35,06/09/2021 12:10,CGB,VCP,06/09/2021 15:09,06/09/2021 15:39,0 days 00:51:00,0 days 00:00:00,0 days 00:51:00,0 days 00:00:00,0 days 00:00:00
AD4846,-F,10/09/2021 05:10,10/09/2021 10:59,VCP,POA,10/09/2021 12:41,10/09/2021 13:11,0 days 04:14:00,0 days 00:00:00,0 days 04:14:00,0 days 00:00:00,0 days 04:14:00
AD4769,-F,11/09/2021 05:25,11/09/2021 09:14,GRU,CGB,11/09/2021 10:42,11/09/2021 11:12,0 days 12:38:00,0 days 05:50:00,0 days 06:48:00,0 days 00:00:00,0 days 00:00:00
AD4915,-F,12/09/2021 11:50,12/09/2021 21:35,CGH,SSA,12/09/2021 23:47,NaT,0 days 05:03:00,0 days 00:00:00,0 days 00:00:00,0 days 00:00:00,0 days 00:00:00
AD4915,-F,NaT,NaT,CGH,SSA,NaT,NaT,0 days 01:18:00,0 days 00:00:00,0 days 00:00:00,0 days 00:00:00,0 days 00:00:00
AD4140,-IF,NaT,NaT,SSA,VCP,NaT,NaT,0 days 00:48:00,0 days 00:00:00,0 days 00:00:00,0 days 00:00:00,0 days 00:00:00
AD4349,-F,NaT,NaT,FLN,XAP,NaT,NaT,0 days 02:17:00,0 days 00:00:00,0 days 00:00:00,0 days 00:00:00,0 days 00:00:00
AD4336,-F,NaT,NaT,VCP,CGB,NaT,NaT,0 days 12:55:00,0 days 00:00:00,0 days 00:00:00,0 days 00:00:00,0 days 00:00:00
AD4853,-F,NaT,NaT,VCP,VIX,NaT,NaT,0 days 16:15:00,0 days 00:00:00,0 days 00:00:00,0 days 00:00:00,0 days 00:00:00
AD4303,-F,NaT,NaT,POA,VCP,NaT,NaT,0 days 00:45:00,0 days 00:00:00,0 days 00:00:00,0 days 00:00:00,0 days 00:00:00
AD4171,-IF,NaT,NaT,VCP,XAP,NaT,NaT,0 days 06:06:00,0 days 00:00:00,0 days 00:00:00,0 days 00:00:00,0 days 00:00:00
AD4336,-F,NaT,NaT,VCP,CGB,NaT,NaT,0 days 02:35:00,0 days 00:00:00,0 days 00:00:00,0 days 00:00:00,0 days 00:00:00
AD2738,-F,NaT,NaT,CNF,SSA,NaT,NaT,0 days 13:25:00,0 days 00:00:00,0 days 00:00:00,0 days 00:00:00,0 days 00:00:00
AD2983,-F,NaT,NaT,CGB,VCP,NaT,NaT,0 days 00:45:00,0 days 00:00:00,0 days 00:00:00,0 days 00:00:00,0 days 00:00:00
AD4463,-F,03/10/2021 07:15,03/10/2021 15:09,ATM,BEL,03/10/2021 16:12,03/10/2021 16:42,0 days 07:28:00,0 days 06:10:00,0 days 01:18:00,0 days 00:00:00,0 days 00:00:00
AD4231,-F,04/10/2021 12:10,04/10/2021 14:42,IMP,BEL,04/10/2021 15:52,04/10/2021 16:22,0 days 08:03:00,0 days 06:25:00,0 days 01:38:00,0 days 06:25:00,0 days 01:38:00
AD4545,-F,05/10/2021 12:25,05/10/2021 20:18,MAO,PVH,05/10/2021 21:37,05/10/2021 22:07,0 days 11:53:00,0 days 07:53:00,0 days 04:00:00,0 days 00:00:00,0 days 00:00:00
AD2649,-F,06/10/2021 22:00,07/10/2021 02:04,MAO,REC,07/10/2021 06:54,07/10/2021 07:30,0 days 02:30:00,0 days 00:00:00,0 days 02:30:00,0 days 00:00:00,0 days 01:00:00
AD2953,-F,07/10/2021 22:00,08/10/2021 01:54,THE,VCP,08/10/2021 05:03,08/10/2021 05:40,0 days 06:20:00,0 days 00:20:00,0 days 06:00:00,0 days 00:00:00,0 days 00:00:00
AD2723,-F,11/10/2021 07:45,11/10/2021 12:30,REC,SLZ,11/10/2021 14:25,11/10/2021 14:55,0 days 21:50:00,0 days 12:00:00,0 days 09:50:00,0 days 00:00:00,0 days 00:00:00
AD4360,-F,NaT,NaT,SLZ,REC,NaT,NaT,0 days 01:45:00,0 days 00:00:00,0 days 00:00:00,0 days 00:00:00,0 days 00:00:00
AD2953,-F,NaT,NaT,THE,VCP,NaT,NaT,0 days 12:21:00,0 days 00:00:00,0 days 00:00:00,0 days 00:00:00,0 days 00:00:00
AD4268,-IF,NaT,NaT,VCP,RAO,NaT,NaT,0 days 00:50:00,0 days 00:00:00,0 days 00:00:00,0 days 00:00:00,0 days 00:00:00
AD2491,-F,NaT,NaT,MCZ,CGB,NaT,NaT,0 days 01:40:00,0 days 00:00:00,0 days 00:00:00,0 days 00:00:00,0 days 00:00:00
AD4522,-F,NaT,NaT,GRU,CNF,NaT,NaT,0 days 10:05:00,0 days 00:00:00,0 days 00:00:00,0 days 00:00:00,0 days 00:00:00
AD4423,-F,NaT,NaT,OPS,CGB,NaT,NaT,0 days 04:05:00,0 days 00:00:00,0 days 00:00:00,0 days 00:00:00,0 days 00:00:00
AD4518,-F,NaT,NaT,MCZ,VCP,NaT,NaT,0 days 00:45:00,0 days 00:00:00,0 days 00:00:00,0 days 00:00:00,0 days 00:00:00
AD4555,-F,NaT,NaT,OPS,VCP,NaT,NaT,0 days 00:55:00,0 days 00:00:00,0 days 00:00:00,0 days 00:00:00,0 days 00:00:00
AD4942,-F,NaT,NaT,VCP,SSA,NaT,NaT,0 days 03:18:00,0 days 00:00:00,0 days 00:00:00,0 days 00:00:00,0 days 00:00:00
AD9045,-IF,NaT,NaT,SSA,POA,NaT,NaT,0 days 09:24:00,0 days 00:00:00,0 days 00:00:00,0 days 00:00:00,0 days 00:00:00
AD4026,-IF,NaT,NaT,POA,VCP,NaT,NaT,0 days 00:37:00,0 days 00:00:00,0 days 00:00:00,0 days 00:00:00,0 days 00:00:00
AD4345,-F,08/12/2021 07:45,08/12/2021 14:03,PVH,CGB,08/12/2021 16:03,08/12/2021 16:33,0 days 05:42:00,0 days 04:15:00,0 days 01:27:00,0 days 00:00:00,0 days 00:00:00
AD4339,-F,09/12/2021 10:15,09/12/2021 17:04,CGB,VCP,09/12/2021 20:05,09/12/2021 20:35,0 days 03:10:00,0 days 03:10:00,0 days 00:00:00,0 days 00:00:00,0 days 00:00:00
AD2402,-F,12/12/2021 07:00,12/12/2021 10:30,BPS,VCP,12/12/2021 12:34,12/12/2021 13:04,0 days 06:16:00,0 days 01:20:00,0 days 04:56:00,0 days 00:00:00,0 days 00:00:00
AD2705,-F,NaT,NaT,MCP,BEL,NaT,NaT,0 days 11:53:00,0 days 00:00:00,0 days 00:00:00,0 days 00:00:00,0 days 00:00:00
AD2954,-F,NaT,NaT,VCP,BEL,NaT,NaT,0 days 12:10:00,0 days 00:00:00,0 days 00:00:00,0 days 00:00:00,0 days 00:00:00
AD4049,-F,NaT,NaT,VCP,CNF,NaT,NaT,0 days 11:23:00,0 days 00:00:00,0 days 00:00:00,0 days 00:00:00,0 days 00:00:00
AD4328,-IF,NaT,NaT,CNF,VCP,NaT,NaT,0 days 00:23:00,0 days 00:00:00,0 days 00:00:00,0 days 00:00:00,0 days 00:00:00
AD4463,-F,NaT,NaT,ATM,BEL,NaT,NaT,0 days 07:14:00,0 days 00:00:00,0 days 00:00:00,0 days 00:00:00,0 days 00:00:00
AD2705,-F,NaT,NaT,BEL,VCP,NaT,NaT,0 days 00:20:00,0 days 00:00:00,0 days 00:00:00,0 days 00:00:00,0 days 00:00:00
AD2810,-IF,NaT,NaT,VCP,REC,NaT,NaT,0 days 15:51:00,0 days 00:00:00,0 days 00:00:00,0 days 00:00:00,0 days 00:00:00
AD2648,-IF,NaT,NaT,REC,MAO,NaT,NaT,0 days 10:46:00,0 days 00:00:00,0 days 00:00:00,0 days 00:00:00,0 days 00:00:00
AD2649,-IF,NaT,NaT,MAO,REC,NaT,NaT,0 days 11:50:00,0 days 00:00:00,0 days 00:00:00,0 days 00:00:00,0 days 00:00:00
AD9807,-IF,NaT,NaT,REC,VCP,NaT,NaT,0 days 07:43:00,0 days 00:00:00,0 days 00:00:00,0 days 00:00:00,0 days 00:00:00
AD4915,-F,05/01/2022 13:20,05/01/2022 22:08,CGH,SSA,06/01/2022 00:25,06/01/2022 00:55,0 days 01:10:00,0 days 01:10:00,0 days 00:00:00,0 days 00:00:00,0 days 00:00:00
AD9118,-F,06/01/2022 14:05,06/01/2022 22:04,CNF,MCZ,07/01/2022 00:23,07/01/2022 00:53,0 days 01:12:00,0 days 01:12:00,0 days 00:00:00,0 days 00:00:00,0 days 00:00:00
AD4527,-IF,07/01/2022 14:05,07/01/2022 14:37,MCZ,REC,07/01/2022 15:24,07/01/2022 15:54,0 days 03:46:00,0 days 01:40:00,0 days 02:06:00,0 days 00:00:00,0 days 00:00:00
AD2578,-F,08/01/2022 07:40,08/01/2022 14:26,CNF,NAT,08/01/2022 17:10,08/01/2022 17:40,0 days 00:20:00,0 days 00:00:00,0 days 00:20:00,0 days 00:00:00,0 days 00:00:00
AD2599,-IF,09/01/2022 06:00,09/01/2022 06:56,NAT,VCP,09/01/2022 10:18,09/01/2022 10:48,0 days 01:12:00,0 days 00:00:00,0 days 01:12:00,0 days 00:00:00,0 days 00:00:00
DMI24,-IF,NaT,NaT,VCP,VCP,NaT,NaT,2 days 21:40:00,0 days 00:00:00,0 days 00:00:00,0 days 00:00:00,0 days 00:00:00
AD2619,-F,NaT,NaT,SLZ,BEL,NaT,NaT,0 days 11:30:00,0 days 00:00:00,0 days 00:00:00,0 days 00:00:00,0 days 00:00:00
AD2624,-F,NaT,NaT,GRU,GRU,NaT,NaT,0 days 02:09:00,0 days 00:00:00,0 days 00:00:00,0 days 00:00:00,0 days 00:00:00
BUS,-IF,NaT,NaT,GRU,VCP,NaT,NaT,0 days 01:00:00,0 days 00:00:00,0 days 00:00:00,0 days 00:00:00,0 days 00:00:00
AD4433,-F,NaT,NaT,STM,BEL,NaT,NaT,0 days 00:18:00,0 days 00:00:00,0 days 00:00:00,0 days 00:00:00,0 days 00:00:00
AD2640,-IF,NaT,NaT,BEL,VCP,NaT,NaT,0 days 10:59:00,0 days 00:00:00,0 days 00:00:00,0 days 00:00:00,0 days 00:00:00
AD4341,-F,NaT,NaT,CGB,VCP,NaT,NaT,0 days 06:32:00,0 days 00:00:00,0 days 00:00:00,0 days 00:00:00,0 days 00:00:00
SFX,-IF,NaT,NaT,VCP,VCP,NaT,NaT,0 days 12:15:00,0 days 00:00:00,0 days 00:00:00,0 days 00:00:00,0 days 00:00:00
SFX,-IF,01/02/2022 14:30,01/02/2022 14:30,VCP,VCP,01/02/2022 18:30,01/02/2022 18:30,0 days 00:30:00,0 days 00:30:00,0 days 00:00:00,0 days 00:00:00,0 days 00:00:00
AD9103,-F,04/02/2022 13:30,04/02/2022 22:02,SDU,POA,05/02/2022 00:01,05/02/2022 00:31,0 days 06:19:00,0 days 05:29:00,0 days 00:50:00,0 days 00:00:00,0 days 00:00:00
AD4823,-F,05/02/2022 18:50,05/02/2022 22:10,SDU,REC,06/02/2022 00:51,06/02/2022 01:21,0 days 03:19:00,0 days 03:19:00,0 days 00:00:00,0 days 00:00:00,0 days 00:00:00
AD4208,-F,06/02/2022 16:40,06/02/2022 21:41,SDU,CWB,06/02/2022 23:03,06/02/2022 23:33,0 days 07:12:00,0 days 06:27:00,0 days 00:45:00,0 days 00:00:00,0 days 00:00:00
AD4248,-F,07/02/2022 18:45,07/02/2022 22:08,SDU,POA,08/02/2022 00:12,08/02/2022 00:42,0 days 05:48:00,0 days 05:18:00,0 days 00:30:00,0 days 00:00:00,0 days 00:00:00
AD4850,-IF,08/02/2022 18:30,08/02/2022 19:00,POA,VCP,08/02/2022 20:50,08/02/2022 21:20,0 days 00:45:00,0 days 00:45:00,0 days 00:00:00,0 days 00:00:00,0 days 00:00:00
AD2921,-IF,NaT,NaT,VCP,POA,NaT,NaT,0 days 02:19:00,0 days 00:00:00,0 days 00:00:00,0 days 00:00:00,0 days 00:00:00
AD2926,-F,NaT,NaT,SDU,REC,NaT,NaT,0 days 03:52:00,0 days 00:00:00,0 days 00:00:00,0 days 00:00:00,0 days 00:00:00
AD2926,-F,NaT,NaT,SDU,REC,NaT,NaT,0 days 12:13:00,0 days 00:00:00,0 days 00:00:00,0 days 00:00:00,0 days 00:00:00
AD4087,-F,NaT,NaT,SDU,VCP,NaT,NaT,0 days 06:35:00,0 days 00:00:00,0 days 00:00:00,0 days 00:00:00,0 days 00:00:00
ROP,-IF,NaT,NaT,VCP,VCP,NaT,NaT,0 days 09:40:00,0 days 00:00:00,0 days 00:00:00,0 days 00:00:00,0 days 00:00:00
P12,-IF,NaT,NaT,VCP,VCP,NaT,NaT,0 days 04:10:00,0 days 00:00:00,0 days 00:00:00,0 days 00:00:00,0 days 00:00:00
AD4823,-F,NaT,NaT,SDU,REC,NaT,NaT,0 days 01:47:00,0 days 00:00:00,0 days 00:00:00,0 days 00:00:00,0 days 00:00:00
AD2641,-F,NaT,NaT,SDU,REC,NaT,NaT,0 days 03:43:00,0 days 00:00:00,0 days 00:00:00,0 days 00:00:00,0 days 00:00:00
AD2641,-F,NaT,NaT,SDU,REC,NaT,NaT,0 days 03:40:00,0 days 00:00:00,0 days 00:00:00,0 days 00:00:00,0 days 00:00:00
AD2641,-F,01/03/2022 07:45,01/03/2022 15:51,SDU,REC,01/03/2022 18:35,01/03/2022 19:05,0 days 00:40:00,0 days 00:40:00,0 days 00:00:00,0 days 00:00:00,0 days 00:00:00
AD2656,-F,02/03/2022 07:45,02/03/2022 14:33,SDU,VCP,02/03/2022 15:43,02/03/2022 16:13,0 days 01:17:00,0 days 00:00:00,0 days 01:17:00,0 days 00:00:00,0 days 00:00:00
AD2409,-F,05/03/2022 12:00,05/03/2022 18:00,BPS,VCP,05/03/2022 19:55,05/03/2022 20:25,0 days 01:36:00,0 days 01:36:00,0 days 00:00:00,0 days 00:00:00,0 days 00:00:00
AD2652,-F,11/03/2022 19:35,12/03/2022 02:38,REC,NAT,12/03/2022 03:40,12/03/2022 04:10,0 days 00:40:00,0 days 00:40:00,0 days 00:00:00,0 days 00:00:00,0 days 00:00:00
AD2401,-IF,12/03/2022 16:50,12/03/2022 21:38,NAT,VCP,NaT,NaT,0 days 00:30:00,0 days 00:00:00,0 days 00:00:00,0 days 00:00:00,0 days 00:00:00
AD4865,-F,NaT,NaT,IGU,VCP,NaT,NaT,0 days 04:54:00,0 days 00:00:00,0 days 00:00:00,0 days 00:00:00,0 days 00:00:00
AD2684,-F,NaT,NaT,SDU,REC,NaT,NaT,0 days 02:22:00,0 days 00:00:00,0 days 00:00:00,0 days 00:00:00,0 days 00:00:00
AD4087,-F,NaT,NaT,SDU,VCP,NaT,NaT,0 days 19:06:00,0 days 00:00:00,0 days 00:00:00,0 days 00:00:00,0 days 00:00:00
AD2697,-F,NaT,NaT,VCP,THE,NaT,NaT,1 days 01:43:00,0 days 00:00:00,0 days 00:00:00,0 days 00:00:00,0 days 00:00:00
AD4372,-F,NaT,NaT,VCP,SSA,NaT,NaT,0 days 03:03:00,0 days 00:00:00,0 days 00:00:00,0 days 00:00:00,0 days 00:00:00
AD4915,-F,NaT,NaT,CGH,SSA,NaT,NaT,0 days 02:09:00,0 days 00:00:00,0 days 00:00:00,0 days 00:00:00,0 days 00:00:00
AD4612,-F,NaT,NaT,REC,BSB,NaT,NaT,0 days 00:51:00,0 days 00:00:00,0 days 00:00:00,0 days 00:00:00,0 days 00:00:00
AD2560,-F,NaT,NaT,MCZ,VCP,NaT,NaT,0 days 00:54:00,0 days 00:00:00,0 days 00:00:00,0 days 00:00:00,0 days 00:00:00
AD2749,-F,NaT,NaT,GRU,REC,NaT,NaT,0 days 00:39:00,0 days 00:00:00,0 days 00:00:00,0 days 00:00:00,0 days 00:00:00
AD4283,-IF,NaT,NaT,REC,CNF,NaT,NaT,0 days 03:58:00,0 days 00:00:00,0 days 00:00:00,0 days 00:00:00,0 days 00:00:00
AD4574,-IF,NaT,NaT,CNF,BEL,NaT,NaT,0 days 01:22:00,0 days 00:00:00,0 days 00:00:00,0 days 00:00:00,0 days 00:00:00
AD4188,-F,NaT,NaT,CNF,VCP,NaT,NaT,0 days 04:12:00,0 days 00:00:00,0 days 00:00:00,0 days 00:00:00,0 days 00:00:00
AD2810,-IF,01/04/2022 12:25,01/04/2022 13:38,VCP,REC,01/04/2022 16:39,01/04/2022 17:09,0 days 02:36:00,0 days 01:45:00,0 days 00:51:00,0 days 00:00:00,0 days 00:00:00
AD4508,-IF,02/04/2022 07:45,02/04/2022 08:31,REC,VCP,02/04/2022 11:37,02/04/2022 12:07,0 days 00:53:00,0 days 00:00:00,0 days 00:53:00,0 days 00:00:00,0 days 00:00:00
AD4853,-F,NaT,NaT,VCP,VIX,NaT,NaT,0 days 04:45:00,0 days 00:00:00,0 days 00:00:00,0 days 00:00:00,0 days 00:00:00
AD4219,-F,NaT,NaT,CNF,POA,NaT,NaT,0 days 02:05:00,0 days 00:00:00,0 days 00:00:00,0 days 00:00:00,0 days 00:00:00
AD4332,-F,NaT,NaT,VCP,REC,NaT,NaT,0 days 02:29:00,0 days 00:00:00,0 days 00:00:00,0 days 00:00:00,0 days 00:00:00
AD4254,-F,NaT,NaT,REC,FOR,NaT,NaT,0 days 02:03:00,0 days 00:00:00,0 days 00:00:00,0 days 00:00:00,0 days 00:00:00
AD4941,-F,NaT,NaT,SSA,VCP,NaT,NaT,0 days 10:05:00,0 days 00:00:00,0 days 00:00:00,0 days 00:00:00,0 days 00:00:00
AD4372,-F,NaT,NaT,VCP,SSA,NaT,NaT,0 days 02:49:00,0 days 00:00:00,0 days 00:00:00,0 days 00:00:00,0 days 00:00:00
AD4789,-F,NaT,NaT,CNF,VCP,NaT,NaT,0 days 00:12:00,0 days 00:00:00,0 days 00:00:00,0 days 00:00:00,0 days 00:00:00
AD4942,-IF,NaT,NaT,VCP,SSA,NaT,NaT,0 days 13:26:00,0 days 00:00:00,0 days 00:00:00,0 days 00:00:00,0 days 00:00:00
AD4914,-F,NaT,NaT,SSA,CGH,NaT,NaT,0 days 03:49:00,0 days 00:00:00,0 days 00:00:00,0 days 00:00:00,0 days 00:00:00
AD2773,-F,NaT,NaT,REC,CGB,NaT,NaT,0 days 01:52:00,0 days 00:00:00,0 days 00:00:00,0 days 00:00:00,0 days 00:00:00
AD4241,-F,01/05/2022 10:55,01/05/2022 18:56,CNF,REC,01/05/2022 21:19,01/05/2022 21:49,0 days 09:11:00,0 days 08:11:00,0 days 01:00:00,0 days 00:00:00,0 days 00:00:00
AD4612,-IF,02/05/2022 19:00,02/05/2022 19:42,REC,BSB,02/05/2022 22:18,02/05/2022 22:48,0 days 02:32:00,0 days 02:32:00,0 days 00:00:00,0 days 02:32:00,0 days 00:00:00
AD2755,-IF,03/05/2022 13:20,03/05/2022 14:00,BSB,VCP,03/05/2022 15:42,03/05/2022 16:12,0 days 07:23:00,0 days 05:35:00,0 days 01:48:00,0 days 05:35:00,0 days 01:48:00
AD2629,-IF,09/05/2022 20:45,09/05/2022 21:46,VCP,BVB,10/05/2022 01:21,10/05/2022 01:51,0 days 13:39:00,0 days 04:09:00,0 days 09:30:00,0 days 00:00:00,0 days 00:00:00
AD4109,-F,11/05/2022 03:30,11/05/2022 08:34,BEL,REC,11/05/2022 11:07,11/05/2022 11:37,0 days 13:03:00,0 days 06:40:00,0 days 06:23:00,0 days 06:40:00,0 days 06:23:00
AD4254,-F,12/05/2022 12:40,12/05/2022 22:19,REC,FOR,12/05/2022 23:40,NaT,0 days 02:10:00,0 days 00:00:00,0 days 00:00:00,0 days 00:00:00,0 days 00:00:00
AD4612,-F,NaT,NaT,REC,BSB,NaT,NaT,0 days 00:47:00,0 days 00:00:00,0 days 00:00:00,0 days 00:00:00,0 days 00:00:00
AD4395,-IF,NaT,NaT,BSB,VCP,NaT,NaT,0 days 00:47:00,0 days 00:00:00,0 days 00:00:00,0 days 00:00:00,0 days 00:00:00
AD4517,-IF,NaT,NaT,GRU,POA,NaT,NaT,0 days 16:41:00,0 days 00:00:00,0 days 00:00:00,0 days 00:00:00,0 days 00:00:00
AD5093,-F,NaT,NaT,VIX,VCP,NaT,NaT,0 days 06:53:00,0 days 00:00:00,0 days 00:00:00,0 days 00:00:00,0 days 00:00:00
AD2594,-F,NaT,NaT,NAT,UDI,NaT,NaT,0 days 02:44:00,0 days 00:00:00,0 days 00:00:00,0 days 00:00:00,0 days 00:00:00
AD4459,-F,NaT,NaT,SLZ,CNF,NaT,NaT,0 days 01:15:00,0 days 00:00:00,0 days 00:00:00,0 days 00:00:00,0 days 00:00:00
AD2723,-F,NaT,NaT,REC,SLZ,NaT,NaT,0 days 01:39:00,0 days 00:00:00,0 days 00:00:00,0 days 00:00:00,0 days 00:00:00
AD4150,-F,NaT,NaT,REC,FOR,NaT,NaT,0 days 04:24:00,0 days 00:00:00,0 days 00:00:00,0 days 00:00:00,0 days 00:00:00
AD5056,-IF,NaT,NaT,FOR,VCP,NaT,NaT,0 days 04:13:00,0 days 00:00:00,0 days 00:00:00,0 days 00:00:00,0 days 00:00:00
AD4150,-F,NaT,NaT,REC,FOR,NaT,NaT,0 days 04:59:00,0 days 00:00:00,0 days 00:00:00,0 days 00:00:00,0 days 00:00:00
AD4765,-F,NaT,NaT,VCP,SSA,NaT,NaT,0 days 09:28:00,0 days 00:00:00,0 days 00:00:00,0 days 00:00:00,0 days 00:00:00
AD4763,-F,06/06/2022 07:10,06/06/2022 14:01,VCP,FOR,06/06/2022 17:24,06/06/2022 17:54,0 days 11:41:00,0 days 11:35:00,0 days 00:06:00,0 days 00:00:00,0 days 00:00:00
AD4451,-F,07/06/2022 17:35,07/06/2022 22:50,VCP,MAO,08/06/2022 01:36,08/06/2022 02:06,0 days 11:44:00,0 days 03:54:00,0 days 07:50:00,0 days 00:00:00,0 days 04:50:00
AD4383,-IF,09/06/2022 01:50,09/06/2022 02:28,MAO,VCP,09/06/2022 07:04,09/06/2022 07:34,0 days 04:26:00,0 days 00:00:00,0 days 04:26:00,0 days 00:00:00,0 days 03:00:00
PP1,-IF,NaT,NaT,VCP,VCP,NaT,NaT,0 days 04:30:00,0 days 00:00:00,0 days 00:00:00,0 days 00:00:00,0 days 00:00:00
EAD,-IF,NaT,NaT,VCP,VCP,NaT,NaT,0 days 05:00:00,0 days 00:00:00,0 days 00:00:00,0 days 00:00:00,0 days 00:00:00
EGP,-IF,NaT,NaT,VCP,VCP,NaT,NaT,0 days 07:00:00,0 days 00:00:00,0 days 00:00:00,0 days 00:00:00,0 days 00:00:00
EAD,-IF,NaT,NaT,VCP,VCP,NaT,NaT,0 days 03:35:00,0 days 00:00:00,0 days 00:00:00,0 days 00:00:00,0 days 00:00:00
AD2752,-F,NaT,NaT,CNF,SSA,NaT,NaT,0 days 02:28:00,0 days 00:00:00,0 days 00:00:00,0 days 00:00:00,0 days 00:00:00
AD4941,-F,NaT,NaT,SSA,VCP,NaT,NaT,0 days 00:38:00,0 days 00:00:00,0 days 00:00:00,0 days 00:00:00,0 days 00:00:00
CMA,-IF,01/07/2022 00:00,01/07/2022 00:00,VCP,VCP,02/07/2022 00:00,02/07/2022 00:00,0 days 00:35:00,0 days 00:35:00,0 days 00:00:00,0 days 00:00:00,0 days 00:00:00
AD4853,-F,02/07/2022 12:35,02/07/2022 22:23,VCP,VIX,02/07/2022 23:53,03/07/2022 00:23,0 days 16:12:00,0 days 05:37:00,0 days 10:35:00,0 days 00:00:00,0 days 00:00:00
AD4274,-F,04/07/2022 04:35,04/07/2022 10:08,XAP,VCP,04/07/2022 11:31,04/07/2022 12:01,0 days 01:29:00,0 days 00:00:00,0 days 01:29:00,0 days 00:00:00,0 days 00:00:00
P12,-IF,06/07/2022 12:00,06/07/2022 12:00,VCP,VCP,06/07/2022 15:00,06/07/2022 15:00,0 days 04:46:00,0 days 01:46:00,0 days 03:00:00,0 days 00:00:00,0 days 00:00:00
AD4079,-IF,07/07/2022 07:46,07/07/2022 08:26,VCP,REC,07/07/2022 11:32,07/07/2022 12:02,0 days 03:33:00,0 days 00:00:00,0 days 03:33:00,0 days 00:00:00,0 days 00:00:00
AD2655,-F,08/07/2022 03:35,08/07/2022 09:13,SDU,VCP,08/07/2022 10:23,08/07/2022 10:53,0 days 01:07:00,0 days 00:00:00,0 days 01:07:00,0 days 00:00:00,0 days 00:00:00
AD2888,-F,12/07/2022 12:25,12/07/2022 20:46,POA,GRU,12/07/2022 22:23,12/07/2022 22:53,0 days 08:37:00,0 days 07:07:00,0 days 01:30:00,0 days 00:00:00,0 days 00:00:00
AD4708,-F,NaT,NaT,VCP,POA,NaT,NaT,0 days 05:46:00,0 days 00:00:00,0 days 00:00:00,0 days 00:00:00,0 days 00:00:00
AD4708,-F,NaT,NaT,VCP,POA,NaT,NaT,0 days 01:17:00,0 days 00:00:00,0 days 00:00:00,0 days 00:00:00,0 days 00:00:00
AD4805,-F,NaT,NaT,CWB,VCP,NaT,NaT,0 days 00:45:00,0 days 00:00:00,0 days 00:00:00,0 days 00:00:00,0 days 00:00:00
BUS,-IF,NaT,NaT,VCP,GRU,NaT,NaT,0 days 00:50:00,0 days 00:00:00,0 days 00:00:00,0 days 00:00:00,0 days 00:00:00
BUS,-IF,NaT,NaT,GRU,VCP,NaT,NaT,0 days 06:30:00,0 days 00:00:00,0 days 00:00:00,0 days 00:00:00,0 days 00:00:00
AD2902,-F,NaT,NaT,CNF,POA,NaT,NaT,0 days 01:44:00,0 days 00:00:00,0 days 00:00:00,0 days 00:00:00,0 days 00:00:00
AD4843,-F,NaT,NaT,REC,SSA,NaT,NaT,0 days 08:26:00,0 days 00:00:00,0 days 00:00:00,0 days 00:00:00,0 days 00:00:00
AD4914,-F,NaT,NaT,SSA,CGH,NaT,NaT,0 days 02:04:00,0 days 00:00:00,0 days 00:00:00,0 days 00:00:00,0 days 00:00:00
AD4941,-F,NaT,NaT,SSA,VCP,NaT,NaT,0 days 00:49:00,0 days 00:00:00,0 days 00:00:00,0 days 00:00:00,0 days 00:00:00
BUS,-IF,01/08/2022 12:10,01/08/2022 12:10,VCP,GRU,01/08/2022 14:00,01/08/2022 14:00,0 days 05:45:00,0 days 01:45:00,0 days 04:00:00,0 days 01:45:00,0 days 04:00:00
BUS,-IF,02/08/2022 17:10,02/08/2022 17:10,GRU,VCP,02/08/2022 19:10,02/08/2022 19:10,0 days 01:10:00,0 days 01:10:00,0 days 00:00:00,0 days 00:00:00,0 days 00:00:00
SFX,-IF,06/08/2022 06:00,06/08/2022 06:00,VCP,VCP,06/08/2022 10:00,06/08/2022 10:00,0 days 16:20:00,0 days 08:20:00,0 days 08:00:00,0 days 00:00:00,0 days 00:00:00
SFX,-IF,07/08/2022 14:20,07/08/2022 14:20,VCP,VCP,07/08/2022 18:20,07/08/2022 18:20,0 days 00:30:00,0 days 00:30:00,0 days 00:00:00,0 days 00:00:00,0 days 00:00:00
AD4915,-F,11/08/2022 12:55,11/08/2022 21:46,CGH,SSA,12/08/2022 00:08,12/08/2022 00:38,0 days 04:47:00,0 days 04:47:00,0 days 00:00:00,0 days 00:00:00,0 days 00:00:00
AD4915,-F,12/08/2022 17:25,12/08/2022 21:44,CGH,SSA,NaT,NaT,0 days 02:04:00,0 days 00:00:00,0 days 00:00:00,0 days 00:00:00,0 days 00:00:00
AD2503,-F,NaT,NaT,REC,RAO,NaT,NaT,0 days 01:06:00,0 days 00:00:00,0 days 00:00:00,0 days 00:00:00,0 days 00:00:00
AD4761,-F,NaT,NaT,VCP,VIX,NaT,NaT,0 days 01:35:00,0 days 00:00:00,0 days 00:00:00,0 days 00:00:00,0 days 00:00:00
AD4080,-IF,NaT,NaT,VIX,VCP,NaT,NaT,0 days 12:35:00,0 days 00:00:00,0 days 00:00:00,0 days 00:00:00,0 days 00:00:00
AD4351,-F,NaT,NaT,SDU,VCP,NaT,NaT,0 days 00:35:00,0 days 00:00:00,0 days 00:00:00,0 days 00:00:00,0 days 00:00:00
AD4591,-F,NaT,NaT,BPS,VCP,NaT,NaT,0 days 01:08:00,0 days 00:00:00,0 days 00:00:00,0 days 00:00:00,0 days 00:00:00
AD4039,-F,NaT,NaT,VCP,SDU,NaT,NaT,0 days 00:56:00,0 days 00:00:00,0 days 00:00:00,0 days 00:00:00,0 days 00:00:00
AD4843,-F,NaT,NaT,REC,SSA,NaT,NaT,0 days 01:27:00,0 days 00:00:00,0 days 00:00:00,0 days 00:00:00,0 days 00:00:00
AD4645,-F,NaT,NaT,SDU,GRU,NaT,NaT,0 days 07:08:00,0 days 00:00:00,0 days 00:00:00,0 days 00:00:00,0 days 00:00:00
BUS,-IF,NaT,NaT,GRU,VCP,NaT,NaT,0 days 06:40:00,0 days 00:00:00,0 days 00:00:00,0 days 00:00:00,0 days 00:00:00
AD4235,-F,NaT,NaT,MCP,BEL,NaT,NaT,0 days 07:52:00,0 days 00:00:00,0 days 00:00:00,0 days 00:00:00,0 days 00:00:00
AD4445,-F,NaT,NaT,STM,BEL,NaT,NaT,0 days 17:54:00,0 days 00:00:00,0 days 00:00:00,0 days 00:00:00,0 days 00:00:00
AD4577,-F,NaT,NaT,BEL,CNF,NaT,NaT,0 days 07:18:00,0 days 00:00:00,0 days 00:00:00,0 days 00:00:00,0 days 00:00:00
AD4219,-F,01/09/2022 16:05,01/09/2022 22:31,CNF,POA,02/09/2022 00:53,02/09/2022 01:23,0 days 00:27:00,0 days 00:27:00,0 days 00:00:00,0 days 00:00:00,0 days 00:00:00
AD2983,-F,02/09/2022 13:50,02/09/2022 19:20,CGB,VCP,02/09/2022 22:17,02/09/2022 22:47,0 days 01:13:00,0 days 01:13:00,0 days 00:00:00,0 days 00:00:00,0 days 00:00:00
DMI24,-IF,05/09/2022 00:00,05/09/2022 00:00,VCP,VCP,06/09/2022 00:00,06/09/2022 00:00,1 days 12:00:00,0 days 18:00:00,0 days 18:00:00,0 days 00:00:00,0 days 00:00:00
SE,-IF,09/09/2022 03:00,09/09/2022 03:00,VCP,VCP,09/09/2022 10:00,09/09/2022 10:00,0 days 02:50:00,0 days 00:00:00,0 days 02:50:00,0 days 00:00:00,0 days 00:00:00
AD2840,-F,NaT,NaT,SSA,REC,NaT,NaT,0 days 06:58:00,0 days 00:00:00,0 days 00:00:00,0 days 00:00:00,0 days 00:00:00
AD4144,-F,NaT,NaT,CGH,REC,NaT,NaT,0 days 12:02:00,0 days 00:00:00,0 days 00:00:00,0 days 00:00:00,0 days 00:00:00
AD4662,-F,NaT,NaT,CGH,REC,NaT,NaT,0 days 07:58:00,0 days 00:00:00,0 days 00:00:00,0 days 00:00:00,0 days 00:00:00
AD2953,-F,NaT,NaT,THE,VCP,NaT,NaT,0 days 06:47:00,0 days 00:00:00,0 days 00:00:00,0 days 00:00:00,0 days 00:00:00
AD2808,-F,NaT,NaT,VCP,FLN,NaT,NaT,0 days 04:56:00,0 days 00:00:00,0 days 00:00:00,0 days 00:00:00,0 days 00:00:00
AD2926,-F,NaT,NaT,SDU,REC,NaT,NaT,0 days 11:41:00,0 days 00:00:00,0 days 00:00:00,0 days 00:00:00,0 days 00:00:00
AD2684,-F,NaT,NaT,SDU,REC,NaT,NaT,0 days 02:08:00,0 days 00:00:00,0 days 00:00:00,0 days 00:00:00,0 days 00:00:00
AD4843,-IF,NaT,NaT,REC,SSA,NaT,NaT,0 days 01:38:00,0 days 00:00:00,0 days 00:00:00,0 days 00:00:00,0 days 00:00:00
AD2741,-F,NaT,NaT,SDU,VCP,NaT,NaT,0 days 01:57:00,0 days 00:00:00,0 days 00:00:00,0 days 00:00:00,0 days 00:00:00
AD2773,-IF,NaT,NaT,REC,CGB,NaT,NaT,0 days 03:51:00,0 days 00:00:00,0 days 00:00:00,0 days 00:00:00,0 days 00:00:00
AD2983,-IF,NaT,NaT,CGB,VCP,NaT,NaT,0 days 00:18:00,0 days 00:00:00,0 days 00:00:00,0 days 00:00:00,0 days 00:00:00
AD4089,-F,03/10/2022 08:00,03/10/2022 12:49,SDU,BSB,03/10/2022 14:41,03/10/2022 15:11,0 days 02:24:00,0 days 00:00:00,0 days 02:24:00,0 days 00:00:00,0 days 00:00:00
AD4204,-F,04/10/2022 05:35,04/10/2022 09:20,SDU,GYN,04/10/2022 11:08,04/10/2022 11:38,0 days 05:57:00,0 days 00:00:00,0 days 05:57:00,0 days 00:00:00,0 days 00:00:00
AD2926,-F,05/10/2022 05:35,05/10/2022 08:49,SDU,REC,05/10/2022 11:27,05/10/2022 11:57,0 days 12:08:00,0 days 06:05:00,0 days 06:03:00,0 days 00:00:00,0 days 00:00:00
AD2830,-F,06/10/2022 12:05,06/10/2022 19:40,BSB,SDU,06/10/2022 21:45,06/10/2022 22:15,0 days 01:40:00,0 days 01:40:00,0 days 00:00:00,0 days 00:00:00,0 days 00:00:00
AD4634,-F,07/10/2022 11:55,07/10/2022 21:11,SDU,FLN,07/10/2022 22:45,07/10/2022 23:15,0 days 01:25:00,0 days 01:25:00,0 days 00:00:00,0 days 00:00:00,0 days 00:00:00
AD9503,-IF,08/10/2022 12:40,08/10/2022 13:29,FLN,VCP,08/10/2022 14:41,08/10/2022 15:11,0 days 00:24:00,0 days 00:00:00,0 days 00:24:00,0 days 00:00:00,0 days 00:00:00
AD4745,-F,NaT,NaT,VCP,BSB,NaT,NaT,0 days 05:12:00,0 days 00:00:00,0 days 00:00:00,0 days 00:00:00,0 days 00:00:00
AD4459,-F,NaT,NaT,SLZ,CNF,NaT,NaT,0 days 00:33:00,0 days 00:00:00,0 days 00:00:00,0 days 00:00:00,0 days 00:00:00
AD2465,-F,NaT,NaT,UNA,CGH,NaT,NaT,0 days 03:10:00,0 days 00:00:00,0 days 00:00:00,0 days 00:00:00,0 days 00:00:00
AD2754,-F,NaT,NaT,REC,THE,NaT,NaT,0 days 02:37:00,0 days 00:00:00,0 days 00:00:00,0 days 00:00:00,0 days 00:00:00
AD4335,-F,NaT,NaT,REC,VCP,NaT,NaT,0 days 06:42:00,0 days 00:00:00,0 days 00:00:00,0 days 00:00:00,0 days 00:00:00
AD2697,-IF,NaT,NaT,VCP,THE,NaT,NaT,0 days 00:43:00,0 days 00:00:00,0 days 00:00:00,0 days 00:00:00,0 days 00:00:00
AD2634,-F,NaT,NaT,GYN,BPS,NaT,NaT,0 days 01:40:00,0 days 00:00:00,0 days 00:00:00,0 days 00:00:00,0 days 00:00:00
AD4789,-F,NaT,NaT,CNF,VCP,NaT,NaT,0 days 00:26:00,0 days 00:00:00,0 days 00:00:00,0 days 00:00:00,0 days 00:00:00
AD4568,-F,NaT,NaT,SSA,VCP,NaT,NaT,0 days 04:56:00,0 days 00:00:00,0 days 00:00:00,0 days 00:00:00,0 days 00:00:00
BUS,-IF,NaT,NaT,VCP,GRU,NaT,NaT,0 days 05:25:00,0 days 00:00:00,0 days 00:00:00,0 days 00:00:00,0 days 00:00:00
AD4769,-IF,NaT,NaT,GRU,CGB,NaT,NaT,0 days 12:07:00,0 days 00:00:00,0 days 00:00:00,0 days 00:00:00,0 days 00:00:00
AD4339,-F,NaT,NaT,CGB,VCP,NaT,NaT,1 days 01:35:00,0 days 00:00:00,0 days 00:00:00,0 days 00:00:00,0 days 00:00:00
AD2944,-IF,03/11/2022 16:54,03/11/2022 17:54,VCP,SDU,03/11/2022 18:57,03/11/2022 19:27,0 days 08:58:00,0 days 08:58:00,0 days 00:00:00,0 days 00:00:00,0 days 00:00:00
AD4148,-F,04/11/2022 16:25,04/11/2022 22:20,SDU,SSA,05/11/2022 00:22,05/11/2022 00:52,0 days 01:43:00,0 days 01:43:00,0 days 00:00:00,0 days 00:00:00,0 days 00:00:00
AD4248,-F,05/11/2022 14:35,05/11/2022 22:02,SDU,POA,06/11/2022 00:02,06/11/2022 00:32,0 days 06:38:00,0 days 05:28:00,0 days 01:10:00,0 days 00:00:00,0 days 00:00:00
AD4850,-IF,06/11/2022 19:10,06/11/2022 19:50,POA,VCP,06/11/2022 21:52,06/11/2022 22:22,0 days 01:38:00,0 days 01:38:00,0 days 00:00:00,0 days 01:38:00,0 days 00:00:00
AD4472,-F,07/11/2022 14:30,07/11/2022 19:58,SSA,CNF,07/11/2022 21:41,07/11/2022 22:11,0 days 03:59:00,0 days 03:59:00,0 days 00:00:00,0 days 00:00:00,0 days 00:00:00
AD2983,-F,08/11/2022 14:10,08/11/2022 19:29,CGB,VCP,08/11/2022 22:27,08/11/2022 22:57,0 days 00:33:00,0 days 00:33:00,0 days 00:00:00,0 days 00:00:00,0 days 00:00:00
AD4124,-F,NaT,NaT,VCP,CGR,NaT,NaT,0 days 11:51:00,0 days 00:00:00,0 days 00:00:00,0 days 00:00:00,0 days 00:00:00
AD4254,-F,NaT,NaT,REC,FOR,NaT,NaT,0 days 06:37:00,0 days 00:00:00,0 days 00:00:00,0 days 00:00:00,0 days 00:00:00
AD4478,-F,NaT,NaT,BSB,GYN,NaT,NaT,0 days 04:06:00,0 days 00:00:00,0 days 00:00:00,0 days 00:00:00,0 days 00:00:00
AD5064,-IF,NaT,NaT,GYN,VCP,NaT,NaT,0 days 00:11:00,0 days 00:00:00,0 days 00:00:00,0 days 00:00:00,0 days 00:00:00
REU,-IF,NaT,NaT,VCP,VCP,NaT,NaT,0 days 09:00:00,0 days 00:00:00,0 days 00:00:00,0 days 00:00:00,0 days 00:00:00
AD2643,-F,NaT,NaT,VCP,CNF,NaT,NaT,0 days 07:57:00,0 days 00:00:00,0 days 00:00:00,0 days 00:00:00,0 days 00:00:00
AD4248,-F,NaT,NaT,SDU,POA,NaT,NaT,0 days 00:47:00,0 days 00:00:00,0 days 00:00:00,0 days 00:00:00,0 days 00:00:00
AD4057,-IF,NaT,NaT,POA,VCP,NaT,NaT,0 days 00:54:00,0 days 00:00:00,0 days 00:00:00,0 days 00:00:00,0 days 00:00:00
AD2921,-F,NaT,NaT,VCP,POA,NaT,NaT,0 days 01:53:00,0 days 00:00:00,0 days 00:00:00,0 days 00:00:00,0 days 00:00:00
AD4204,-F,NaT,NaT,SDU,GYN,NaT,NaT,0 days 05:09:00,0 days 00:00:00,0 days 00:00:00,0 days 00:00:00,0 days 00:00:00
AD4402,-F,NaT,NaT,SDU,POA,NaT,NaT,0 days 10:54:00,0 days 00:00:00,0 days 00:00:00,0 days 00:00:00,0 days 00:00:00
AD4355,-F,01/12/2022 11:25,01/12/2022 20:16,SDU,VCP,01/12/2022 21:34,01/12/2022 22:04,0 days 00:16:00,0 days 00:16:00,0 days 00:00:00,0 days 00:00:00,0 days 00:00:00
AD4849,-F,09/12/2022 08:00,09/12/2022 13:41,VCP,FLN,09/12/2022 14:57,09/12/2022 15:27,0 days 01:33:00,0 days 00:00:00,0 days 01:33:00,0 days 00:00:00,0 days 00:00:00
AD2926,-F,10/12/2022 05:00,10/12/2022 08:29,SDU,REC,10/12/2022 11:16,10/12/2022 11:46,0 days 03:04:00,0 days 00:00:00,0 days 03:04:00,0 days 00:00:00,0 days 00:00:00
AD4824,-IF,11/12/2022 02:50,11/12/2022 03:45,REC,SDU,11/12/2022 06:38,11/12/2022 07:08,0 days 01:07:00,0 days 00:00:00,0 days 01:07:00,0 days 00:00:00,0 days 00:00:00
AD4634,-IF,11/12/2022 20:15,11/12/2022 21:03,SDU,FLN,11/12/2022 22:30,11/12/2022 23:00,0 days 17:45:00,0 days 07:00:00,0 days 10:45:00,0 days 07:00:00,0 days 03:00:00
AD2741,-F,NaT,NaT,SDU,VCP,NaT,NaT,0 days 01:18:00,0 days 00:00:00,0 days 00:00:00,0 days 00:00:00,0 days 00:00:00
AD2692,-F,NaT,NaT,VCP,CWB,NaT,NaT,0 days 06:29:00,0 days 00:00:00,0 days 00:00:00,0 days 00:00:00,0 days 00:00:00
AD2329,-F,NaT,NaT,NAT,IGU,NaT,NaT,0 days 21:01:00,0 days 00:00:00,0 days 00:00:00,0 days 00:00:00,0 days 00:00:00
AD4518,-F,NaT,NaT,MCZ,VCP,NaT,NaT,0 days 00:22:00,0 days 00:00:00,0 days 00:00:00,0 days 00:00:00,0 days 00:00:00
AD2753,-F,NaT,NaT,SDU,NVT,NaT,NaT,0 days 02:04:00,0 days 00:00:00,0 days 00:00:00,0 days 00:00:00,0 days 00:00:00
AD4239,-F,NaT,NaT,VCP,CGB,NaT,NaT,0 days 08:29:00,0 days 00:00:00,0 days 00:00:00,0 days 00:00:00,0 days 00:00:00
AD2948,-F,NaT,NaT,SDU,SSA,NaT,NaT,0 days 00:14:00,0 days 00:00:00,0 days 00:00:00,0 days 00:00:00,0 days 00:00:00
AD4215,-IF,NaT,NaT,SSA,VCP,NaT,NaT,0 days 04:45:00,0 days 00:00:00,0 days 00:00:00,0 days 00:00:00,0 days 00:00:00
AD4996,-IF,NaT,NaT,VCP,POA,NaT,NaT,0 days 05:29:00,0 days 00:00:00,0 days 00:00:00,0 days 00:00:00,0 days 00:00:00
AD2643,-F,NaT,NaT,VCP,CNF,NaT,NaT,0 days 02:53:00,0 days 00:00:00,0 days 00:00:00,0 days 00:00:00,0 days 00:00:00
AD2987,-F,NaT,NaT,REC,POA,NaT,NaT,0 days 03:17:00,0 days 00:00:00,0 days 00:00:00,0 days 00:00:00,0 days 00:00:00
AD4057,-IF,NaT,NaT,POA,VCP,NaT,NaT,0 days 00:22:00,0 days 00:00:00,0 days 00:00:00,0 days 00:00:00,0 days 00:00:00
AD4066,-F,NaT,NaT,GIG,VCP,NaT,NaT,0 days 00:28:00,0 days 00:00:00,0 days 00:00:00,0 days 00:00:00,0 days 00:00:00
